Workbook
Name IQ_CH: 110000
Name IQ_CQ: 5000
Name IQ_CY: 10000
Name IQ_DAILY: 500000
Name IQ_FH: 100000
Name IQ_FQ: 500
Name IQ_FY: 1000
Name IQ_LTM: 2000
Name IQ_MONTH: 15000
Name IQ_NTM: 6000
Name IQ_WEEK: 50000
Name IQ_YTD: 3000
Name 슬라이서_COMMODITY: #N/A
Name 슬라이서_COMMODITY1: #N/A
Name 슬라이서_COMMODITY2: #N/A
Name 슬라이서_COUNTRY: #N/A
Name 슬라이서_COUNTRY1: #N/A
Name 슬라이서_COUNTRY2: #N/A

Sheet 광종별
E3: 2024 생산 | F3: 2025 생산(EST.) | G3: 2025 생산(EST.) 계(Rounded) | H3: 2025 광종별 생산(EST.) 국가 점유율(%) | I3: 2025 광종별 생산(EST.) 국가 순위 | L3: 2025 광종별 가채매장량 | M3: 2025 광종별 가채매장량총계(Rounded) | N3: 2025 광종별 가채매장량 국가 점유율(%) | O3: 2025 광종별 가채매장량 국가순위
D4: Chile | E4: 5510 | F4: 5300 | G4: 23000 | H4: 0.23043478 | I4: 1 | K4: Chile | L4: 180000 | M4: 980000 | N4: 0.18367347 | O4: 1
D5: DRCongo | E5: 2990 | F5: 3200 | G5: 23000 | H5: 0.13913043 | I5: 2 | K5: Australia | L5: 100000 | M5: 980000 | N5: 0.10204082 | O5: 2
D6: Peru | E6: 2740 | F6: 2700 | G6: 23000 | H6: 0.1173913 | I6: 3 | K6: Peru | L6: 85000 | M6: 980000 | N6: 0.086734694 | O6: 3
D7: China | E7: 1840 | F7: 1800 | G7: 23000 | H7: 0.07826087 | I7: 4 | K7: DRCongo | L7: 80000 | M7: 980000 | N7: 0.081632653 | O7: 4
D8: Russia | E8: 1020 | F8: 1300 | G8: 23000 | H8: 0.056521739 | I8: 5 | K8: Russia | L8: 80000 | M8: 980000 | N8: 0.081632653 | O8: 4
D9: United States | E9: 1050 | F9: 1000 | G9: 23000 | H9: 0.043478261 | I9: 6 | K9: Mexico | L9: 53000 | M9: 980000 | N9: 0.054081633 | O9: 6
D10: Zambia | E10: 823 | F10: 940 | G10: 23000 | H10: 0.040869565 | I10: 7 | K10: United States | L10: 47000 | M10: 980000 | N10: 0.047959184 | O10: 7
D11: Australia | E11: 765 | F11: 730 | G11: 23000 | H11: 0.03173913 | I11: 8 | K11: China | L11: 41000 | M11: 980000 | N11: 0.041836735 | O11: 8
D12: Kazakhstan | E12: 724 | F12: 710 | G12: 23000 | H12: 0.030869565 | I12: 9 | K12: Poland | L12: 33000 | M12: 980000 | N12: 0.033673469 | O12: 9
D13: Indonesia | E13: 1010 | F13: 710 | G13: 23000 | H13: 0.030869565 | I13: 9 | K13: Zambia | L13: 21000 | M13: 980000 | N13: 0.021428571 | O13: 10
D14: Mexico | E14: 717 | F14: 690 | G14: 23000 | H14: 0.03 | I14: 11 | K14: Indonesia | L14: 21000 | M14: 980000 | N14: 0.021428571 | O14: 10
D15: Canada | E15: 515 | F15: 500 | G15: 23000 | H15: 0.02173913 | I15: 12 | K15: Kazakhstan | L15: 20000 | M15: 980000 | N15: 0.020408163 | O15: 12
... D19: 총합계 | E19: 22981 | F19: 23013 | G19: 345000 | H19: 1.0005652 | I19: 122 | K19: 총합계 | L19: 980200 | M19: 14700000 | N19: 1.0002041 | O19: 121

Sheet 국가별
D3: 2024 생산 | E3: 2025 생산(EST.) | F3: 2025 생산(EST.) 계(Rounded) | G3: 2025 광종별 생산(EST.) 국가 점유율(%) | H3: 2025 광종별 생산(EST.) 국가 순위 | K3: 2025 광종별 가채매장량 | L3: 2025 광종별 가채매장량총계(Rounded) | M3: 2025 광종별 가채매장량 국가 점유율(%) | N3: 2025 광종별 가채매장량 국가 순위
C4: Garnet | D4: 348000 | E4: 350000 | F4: 730000 | G4: 0.47945205 | H4: 1 | J4: Lead | K4: 34000 | L4: 95000 | M4: 0.35789474 | N4: 1
C5: Titanium(Rutile) | D5: 200 | E5: 200 | F5: 450 | G5: 0.44444444 | H5: 1 | J5: Vanadium | K5: 10000000 | L5: 21000000 | M5: 0.47619048 | N5: 1
C6: Iron | D6: 607000 | E6: 600000 | F6: 1600000 | G6: 0.375 | H6: 1 | J6: Titanium(Ilmentite) | K6: 170000 | L6: 490000 | M6: 0.34693878 | N6: 1
C7: Lithium | D7: 82700 | E7: 92000 | F7: 290000 | G7: 0.31724138 | H7: 1 | J7: Iron | K7: 27000000 | L7: 87000000 | M7: 0.31034483 | N7: 1
C8: Bauxite | D8: 100000 | E8: 97000 | F8: 440000 | G8: 0.22045455 | H8: 2 | J8: Titanium(Rutile) | K8: 35000 | L8: 49000 | M8: 0.71428571 | N8: 1
C9: Lead | D9: 481 | E9: 480 | F9: 4500 | G9: 0.10666667 | H9: 2 | J9: Gold | K9: 13000 | L9: 66000 | M9: 0.1969697 | N9: 1
C10: Gold | D10: 284 | E10: 280 | F10: 3300 | G10: 0.084848485 | H10: 3 | J10: Manganese | K10: 580000 | L10: 1800000 | M10: 0.32222222 | N10: 1
C11: Rare earths | D11: 29000 | E11: 29000 | F11: 390000 | G11: 0.074358974 | H11: 3 | J11: Lithium | K11: 8400000 | L11: 37000000 | M11: 0.22702703 | N11: 2
C12: Manganese | D12: 1600 | E12: 1600 | F12: 20000 | G12: 0.08 | H12: 4 | J12: Nickel | K12: 25000000 | L12: 140000000 | M12: 0.17857143 | N12: 2
C13: Titanium(Ilmentite) | D13: 600 | E13: 780 | F13: 9400 | G13: 0.082978723 | H13: 4 | J13: Cobalt | K13: 1700000 | L13: 12000000 | M13: 0.14166667 | N13: 2
C14: Cobalt | D14: 4780 | E14: 3700 | F14: 310000 | G14: 0.011935484 | H14: 5 | J14: Copper | K14: 100000 | L14: 980000 | M14: 0.10204082 | N14: 2
C15: Tantalum | D15: 52 | E15: 50 | F15: 2500 | G15: 0.02 | H15: 6 | J15: Tantalum | K15: 120000 | L15: 0 | M15: 0 | N15: 2
... C25: Phosphorus | D25: 2500 | E25: 2500 | F25: 250000 | G25: 0.01 | H25: 13 | J25: 총합계 | K25: 86333000 | L25: 525590000 | M25: 4.0878754 | N25: 61
C26: Limestone | D26: 1890 | E26: 1900 | F26: 420000 | G26: 0.0045238095 | H26: 13
C27: Molybdenum | D27: 600 | E27: 1000 | F27: 260000 | G27: 0.0038461538 | H27: 13
C28: Gypsum | D28: 4200 | E28: 4200 | F28: 160000 | G28: 0.02625 | H28: 14
C29: Sulfur | D29: 900 | E29: 900 | F29: 84000 | G29: 0.010714286 | H29: 16
C30: Nitrogen | D30: 1500 | E30: 1500 | F30: 160000 | G30: 0.009375 | H30: 19
C31: 총합계 | D31: 1300650 | E31: 1249167 | F31: 9621750 | G31: 0.094771176 | H31: 195

Sheet 피벗전용데이터
A1: SOURCE | B1: COMMODITY | C1: COUNTRY | D1: TYPE | E1: UNIT | F1: 2024 생산 | G1: 2025 생산(EST.) | H1: 2025 생산(EST.) 계(Rounded) | I1: 2025 광종별 생산(EST.) 국가 점유율(%) | J1: 2025 광종별 생산(EST.) 국가 순위 | K1: 2025 광종별 가채매장량 | L1: 2025 광종별 가채매장량총계(Rounded) | M1: 2025 광종별 가채매장량 국가 점유율(%) | N1: 2025 광종별 가채매장량 국가 순위
A2: =IF(ISNUMBER(SEARCH("World",'RawData'!C2)),"",'RawData'!A2) -> MCS2026 | B2: =IF(ISNUMBER(SEARCH("World",'RawData'!C2)),"",'RawData'!B2) -> Antimony | C2: =IF(ISNUMBER(SEARCH("World",'RawData'!C2)),"",'RawData'!C2) -> Australia | D2: =IF(ISNUMBER(SEARCH("World",'RawData'!C2)),"",'RawData'!D2) -> Mine production, antimony content | E2: =IF(ISNUMBER(SEARCH("World",'RawData'!C2)),"",IF('RawData'!E2="WT001","kg",IF('RawData'!E2="WT002","ton",IF('RawData'!E2="WT003","k ton","")))) -> ton | F2: =IF(ISNUMBER(SEARCH("World",'RawData'!C2)),"",'RawData'!F2) -> 1270 | G2: =IF(ISNUMBER(SEARCH("World",'RawData'!C2)),"",'RawData'!G2) -> 1300 | H2: =IF(ISNUMBER(SEARCH("World",'RawData'!C2)),"",SUMIFS('RawData'!G:G,'RawData'!B:B,'RawData'!B2,'RawData'!C:C,"*World*")) -> 110000 | I2: =IF(ISNUMBER(SEARCH("World",'RawData'!C2)),"",IFERROR(G2/H2,"-")) -> 0.011818182 | J2: =IF(ISNUMBER(SEARCH("World",'RawData'!C2)),"",IF(ISNUMBER(SEARCH("Other",C2)),COUNTIFS('RawData'!B:B,B2,'RawData'!C:C,"<>*World*"),IF(OR(G2="",G2=0),"-",SUMPRODUCT(('RawData'!B$2:B$822=B2)*('RawData'!G$2:G$822>G2)*(ISERROR(SEARCH("World",'RawData'!C$2:C$822)))*(ISERROR(SEARCH("Other",'RawData'!C$2:C$822))))+1))) -> 7 | K2: =IF(ISNUMBER(SEARCH("World",'RawData'!C2)),"",'RawData'!H2) -> 110000 | L2: =IF(ISNUMBER(SEARCH("World",'RawData'!C2)),"",SUMIFS('RawData'!H:H,'RawData'!B:B,'RawData'!B2,'RawData'!C:C,"*World*")) -> 2000000 | M2: =IF(ISNUMBER(SEARCH("World",'RawData'!C2)),"",IFERROR(K2/L2,"-")) -> 0.055 | N2: =IF(ISNUMBER(SEARCH("World",'RawData'!C2)),"",IF(ISNUMBER(SEARCH("Other",C2)),COUNTIFS('RawData'!B:B,B2,'RawData'!C:C,"<>*World*"),IF(OR(K2="",K2=0),"-",SUMPRODUCT(('RawData'!B$2:B$822=B2)*('RawData'!H$2:H$822>K2)*(ISERROR(SEARCH("World",'RawData'!C$2:C$822)))*(ISERROR(SEARCH("Other",'RawData'!C$2:C$822))))+1))) -> 6
A3: =IF(ISNUMBER(SEARCH("World",'RawData'!C3)),"",'RawData'!A3) -> MCS2026 | B3: =IF(ISNUMBER(SEARCH("World",'RawData'!C3)),"",'RawData'!B3) -> Antimony | C3: =IF(ISNUMBER(SEARCH("World",'RawData'!C3)),"",'RawData'!C3) -> Bolivia | D3: =IF(ISNUMBER(SEARCH("World",'RawData'!C3)),"",'RawData'!D3) -> Mine production, antimony content | E3: =IF(ISNUMBER(SEARCH("World",'RawData'!C3)),"",IF('RawData'!E3="WT001","kg",IF('RawData'!E3="WT002","ton",IF('RawData'!E3="WT003","k ton","")))) -> ton | F3: =IF(ISNUMBER(SEARCH("World",'RawData'!C3)),"",'RawData'!F3) -> 5300 | G3: =IF(ISNUMBER(SEARCH("World",'RawData'!C3)),"",'RawData'!G3) -> 5000 | H3: =IF(ISNUMBER(SEARCH("World",'RawData'!C3)),"",SUMIFS('RawData'!G:G,'RawData'!B:B,'RawData'!B3,'RawData'!C:C,"*World*")) -> 110000 | I3: =IF(ISNUMBER(SEARCH("World",'RawData'!C3)),"",IFERROR(G3/H3,"-")) -> 0.045454545 | J3: =IF(ISNUMBER(SEARCH("World",'RawData'!C3)),"",IF(ISNUMBER(SEARCH("Other",C3)),COUNTIFS('RawData'!B:B,B3,'RawData'!C:C,"<>*World*"),IF(OR(G3="",G3=0),"-",SUMPRODUCT(('RawData'!B$2:B$822=B3)*('RawData'!G$2:G$822>G3)*(ISERROR(SEARCH("World",'RawData'!C$2:C$822)))*(ISERROR(SEARCH("Other",'RawData'!C$2:C$822))))+1))) -> 4 | K3: =IF(ISNUMBER(SEARCH("World",'RawData'!C3)),"",'RawData'!H3) -> 310000 | L3: =IF(ISNUMBER(SEARCH("World",'RawData'!C3)),"",SUMIFS('RawData'!H:H,'RawData'!B:B,'RawData'!B3,'RawData'!C:C,"*World*")) -> 2000000 | M3: =IF(ISNUMBER(SEARCH("World",'RawData'!C3)),"",IFERROR(K3/L3,"-")) -> 0.155 | N3: =IF(ISNUMBER(SEARCH("World",'RawData'!C3)),"",IF(ISNUMBER(SEARCH("Other",C3)),COUNTIFS('RawData'!B:B,B3,'RawData'!C:C,"<>*World*"),IF(OR(K3="",K3=0),"-",SUMPRODUCT(('RawData'!B$2:B$822=B3)*('RawData'!H$2:H$822>K3)*(ISERROR(SEARCH("World",'RawData'!C$2:C$822)))*(ISERROR(SEARCH("Other",'RawData'!C$2:C$822))))+1))) -> 3
A4: =IF(ISNUMBER(SEARCH("World",'RawData'!C4)),"",'RawData'!A4) -> MCS2026 | B4: =IF(ISNUMBER(SEARCH("World",'RawData'!C4)),"",'RawData'!B4) -> Antimony | C4: =IF(ISNUMBER(SEARCH("World",'RawData'!C4)),"",'RawData'!C4) -> Canada | D4: =IF(ISNUMBER(SEARCH("World",'RawData'!C4)),"",'RawData'!D4) -> Mine production, antimony content | E4: =IF(ISNUMBER(SEARCH("World",'RawData'!C4)),"",IF('RawData'!E4="WT001","kg",IF('RawData'!E4="WT002","ton",IF('RawData'!E4="WT003","k ton","")))) -> ton | F4: =IF(ISNUMBER(SEARCH("World",'RawData'!C4)),"",'RawData'!F4) -> 0 | G4: =IF(ISNUMBER(SEARCH("World",'RawData'!C4)),"",'RawData'!G4) -> 0 | H4: =IF(ISNUMBER(SEARCH("World",'RawData'!C4)),"",SUMIFS('RawData'!G:G,'RawData'!B:B,'RawData'!B4,'RawData'!C:C,"*World*")) -> 110000 | I4: =IF(ISNUMBER(SEARCH("World",'RawData'!C4)),"",IFERROR(G4/H4,"-")) -> 0 | J4: =IF(ISNUMBER(SEARCH("World",'RawData'!C4)),"",IF(ISNUMBER(SEARCH("Other",C4)),COUNTIFS('RawData'!B:B,B4,'RawData'!C:C,"<>*World*"),IF(OR(G4="",G4=0),"-",SUMPRODUCT(('RawData'!B$2:B$822=B4)*('RawData'!G$2:G$822>G4)*(ISERROR(SEARCH("World",'RawData'!C$2:C$822)))*(ISERROR(SEARCH("Other",'RawData'!C$2:C$822))))+1))) -> - | K4: =IF(ISNUMBER(SEARCH("World",'RawData'!C4)),"",'RawData'!H4) -> 78000 | L4: =IF(ISNUMBER(SEARCH("World",'RawData'!C4)),"",SUMIFS('RawData'!H:H,'RawData'!B:B,'RawData'!B4,'RawData'!C:C,"*World*")) -> 2000000 | M4: =IF(ISNUMBER(SEARCH("World",'RawData'!C4)),"",IFERROR(K4/L4,"-")) -> 0.039 | N4: =IF(ISNUMBER(SEARCH("World",'RawData'!C4)),"",IF(ISNUMBER(SEARCH("Other",C4)),COUNTIFS('RawData'!B:B,B4,'RawData'!C:C,"<>*World*"),IF(OR(K4="",K4=0),"-",SUMPRODUCT(('RawData'!B$2:B$822=B4)*('RawData'!H$2:H$822>K4)*(ISERROR(SEARCH("World",'RawData'!C$2:C$822)))*(ISERROR(SEARCH("Other",'RawData'!C$2:C$822))))+1))) -> 8
A5: =IF(ISNUMBER(SEARCH("World",'RawData'!C5)),"",'RawData'!A5) -> MCS2026 | B5: =IF(ISNUMBER(SEARCH("World",'RawData'!C5)),"",'RawData'!B5) -> Antimony | C5: =IF(ISNUMBER(SEARCH("World",'RawData'!C5)),"",'RawData'!C5) -> China | D5: =IF(ISNUMBER(SEARCH("World",'RawData'!C5)),"",'RawData'!D5) -> Mine production, antimony content | E5: =IF(ISNUMBER(SEARCH("World",'RawData'!C5)),"",IF('RawData'!E5="WT001","kg",IF('RawData'!E5="WT002","ton",IF('RawData'!E5="WT003","k ton","")))) -> ton | F5: =IF(ISNUMBER(SEARCH("World",'RawData'!C5)),"",'RawData'!F5) -> 40000 | G5: =IF(ISNUMBER(SEARCH("World",'RawData'!C5)),"",'RawData'!G5) -> 40000 | H5: =IF(ISNUMBER(SEARCH("World",'RawData'!C5)),"",SUMIFS('RawData'!G:G,'RawData'!B:B,'RawData'!B5,'RawData'!C:C,"*World*")) -> 110000 | I5: =IF(ISNUMBER(SEARCH("World",'RawData'!C5)),"",IFERROR(G5/H5,"-")) -> 0.36363636 | J5: =IF(ISNUMBER(SEARCH("World",'RawData'!C5)),"",IF(ISNUMBER(SEARCH("Other",C5)),COUNTIFS('RawData'!B:B,B5,'RawData'!C:C,"<>*World*"),IF(OR(G5="",G5=0),"-",SUMPRODUCT(('RawData'!B$2:B$822=B5)*('RawData'!G$2:G$822>G5)*(ISERROR(SEARCH("World",'RawData'!C$2:C$822)))*(ISERROR(SEARCH("Other",'RawData'!C$2:C$822))))+1))) -> 1 | K5: =IF(ISNUMBER(SEARCH("World",'RawData'!C5)),"",'RawData'!H5) -> 830000 | L5: =IF(ISNUMBER(SEARCH("World",'RawData'!C5)),"",SUMIFS('RawData'!H:H,'RawData'!B:B,'RawData'!B5,'RawData'!C:C,"*World*")) -> 2000000 | M5: =IF(ISNUMBER(SEARCH("World",'RawData'!C5)),"",IFERROR(K5/L5,"-")) -> 0.415 | N5: =IF(ISNUMBER(SEARCH("World",'RawData'!C5)),"",IF(ISNUMBER(SEARCH("Other",C5)),COUNTIFS('RawData'!B:B,B5,'RawData'!C:C,"<>*World*"),IF(OR(K5="",K5=0),"-",SUMPRODUCT(('RawData'!B$2:B$822=B5)*('RawData'!H$2:H$822>K5)*(ISERROR(SEARCH("World",'RawData'!C$2:C$822)))*(ISERROR(SEARCH("Other",'RawData'!C$2:C$822))))+1))) -> 1
A6: =IF(ISNUMBER(SEARCH("World",'RawData'!C6)),"",'RawData'!A6) -> MCS2026 | B6: =IF(ISNUMBER(SEARCH("World",'RawData'!C6)),"",'RawData'!B6) -> Antimony | C6: =IF(ISNUMBER(SEARCH("World",'RawData'!C6)),"",'RawData'!C6) -> Guatemala | D6: =IF(ISNUMBER(SEARCH("World",'RawData'!C6)),"",'RawData'!D6) -> Mine production, antimony content | E6: =IF(ISNUMBER(SEARCH("World",'RawData'!C6)),"",IF('RawData'!E6="WT001","kg",IF('RawData'!E6="WT002","ton",IF('RawData'!E6="WT003","k ton","")))) -> ton | F6: =IF(ISNUMBER(SEARCH("World",'RawData'!C6)),"",'RawData'!F6) -> 50 | G6: =IF(ISNUMBER(SEARCH("World",'RawData'!C6)),"",'RawData'!G6) -> 50 | H6: =IF(ISNUMBER(SEARCH("World",'RawData'!C6)),"",SUMIFS('RawData'!G:G,'RawData'!B:B,'RawData'!B6,'RawData'!C:C,"*World*")) -> 110000 | I6: =IF(ISNUMBER(SEARCH("World",'RawData'!C6)),"",IFERROR(G6/H6,"-")) -> 0.00045454545 | J6: =IF(ISNUMBER(SEARCH("World",'RawData'!C6)),"",IF(ISNUMBER(SEARCH("Other",C6)),COUNTIFS('RawData'!B:B,B6,'RawData'!C:C,"<>*World*"),IF(OR(G6="",G6=0),"-",SUMPRODUCT(('RawData'!B$2:B$822=B6)*('RawData'!G$2:G$822>G6)*(ISERROR(SEARCH("World",'RawData'!C$2:C$822)))*(ISERROR(SEARCH("Other",'RawData'!C$2:C$822))))+1))) -> 15 | K6: =IF(ISNUMBER(SEARCH("World",'RawData'!C6)),"",'RawData'!H6) -> 0 | L6: =IF(ISNUMBER(SEARCH("World",'RawData'!C6)),"",SUMIFS('RawData'!H:H,'RawData'!B:B,'RawData'!B6,'RawData'!C:C,"*World*")) -> 2000000 | M6: =IF(ISNUMBER(SEARCH("World",'RawData'!C6)),"",IFERROR(K6/L6,"-")) -> 0 | N6: =IF(ISNUMBER(SEARCH("World",'RawData'!C6)),"",IF(ISNUMBER(SEARCH("Other",C6)),COUNTIFS('RawData'!B:B,B6,'RawData'!C:C,"<>*World*"),IF(OR(K6="",K6=0),"-",SUMPRODUCT(('RawData'!B$2:B$822=B6)*('RawData'!H$2:H$822>K6)*(ISERROR(SEARCH("World",'RawData'!C$2:C$822)))*(ISERROR(SEARCH("Other",'RawData'!C$2:C$822))))+1))) -> -
A7: =IF(ISNUMBER(SEARCH("World",'RawData'!C7)),"",'RawData'!A7) -> MCS2026 | B7: =IF(ISNUMBER(SEARCH("World",'RawData'!C7)),"",'RawData'!B7) -> Antimony | C7: =IF(ISNUMBER(SEARCH("World",'RawData'!C7)),"",'RawData'!C7) -> Iran | D7: =IF(ISNUMBER(SEARCH("World",'RawData'!C7)),"",'RawData'!D7) -> Mine production, antimony content | E7: =IF(ISNUMBER(SEARCH("World",'RawData'!C7)),"",IF('RawData'!E7="WT001","kg",IF('RawData'!E7="WT002","ton",IF('RawData'!E7="WT003","k ton","")))) -> ton | F7: =IF(ISNUMBER(SEARCH("World",'RawData'!C7)),"",'RawData'!F7) -> 90 | G7: =IF(ISNUMBER(SEARCH("World",'RawData'!C7)),"",'RawData'!G7) -> 90 | H7: =IF(ISNUMBER(SEARCH("World",'RawData'!C7)),"",SUMIFS('RawData'!G:G,'RawData'!B:B,'RawData'!B7,'RawData'!C:C,"*World*")) -> 110000 | I7: =IF(ISNUMBER(SEARCH("World",'RawData'!C7)),"",IFERROR(G7/H7,"-")) -> 0.00081818182 | J7: =IF(ISNUMBER(SEARCH("World",'RawData'!C7)),"",IF(ISNUMBER(SEARCH("Other",C7)),COUNTIFS('RawData'!B:B,B7,'RawData'!C:C,"<>*World*"),IF(OR(G7="",G7=0),"-",SUMPRODUCT(('RawData'!B$2:B$822=B7)*('RawData'!G$2:G$822>G7)*(ISERROR(SEARCH("World",'RawData'!C$2:C$822)))*(ISERROR(SEARCH("Other",'RawData'!C$2:C$822))))+1))) -> 14 | K7: =IF(ISNUMBER(SEARCH("World",'RawData'!C7)),"",'RawData'!H7) -> 0 | L7: =IF(ISNUMBER(SEARCH("World",'RawData'!C7)),"",SUMIFS('RawData'!H:H,'RawData'!B:B,'RawData'!B7,'RawData'!C:C,"*World*")) -> 2000000 | M7: =IF(ISNUMBER(SEARCH("World",'RawData'!C7)),"",IFERROR(K7/L7,"-")) -> 0 | N7: =IF(ISNUMBER(SEARCH("World",'RawData'!C7)),"",IF(ISNUMBER(SEARCH("Other",C7)),COUNTIFS('RawData'!B:B,B7,'RawData'!C:C,"<>*World*"),IF(OR(K7="",K7=0),"-",SUMPRODUCT(('RawData'!B$2:B$822=B7)*('RawData'!H$2:H$822>K7)*(ISERROR(SEARCH("World",'RawData'!C$2:C$822)))*(ISERROR(SEARCH("Other",'RawData'!C$2:C$822))))+1))) -> -
A8: =IF(ISNUMBER(SEARCH("World",'RawData'!C8)),"",'RawData'!A8) -> MCS2026 | B8: =IF(ISNUMBER(SEARCH("World",'RawData'!C8)),"",'RawData'!B8) -> Antimony | C8: =IF(ISNUMBER(SEARCH("World",'RawData'!C8)),"",'RawData'!C8) -> Kazakhstan | D8: =IF(ISNUMBER(SEARCH("World",'RawData'!C8)),"",'RawData'!D8) -> Mine production, antimony content | E8: =IF(ISNUMBER(SEARCH("World",'RawData'!C8)),"",IF('RawData'!E8="WT001","kg",IF('RawData'!E8="WT002","ton",IF('RawData'!E8="WT003","k ton","")))) -> ton | F8: =IF(ISNUMBER(SEARCH("World",'RawData'!C8)),"",'RawData'!F8) -> 800 | G8: =IF(ISNUMBER(SEARCH("World",'RawData'!C8)),"",'RawData'!G8) -> 800 | H8: =IF(ISNUMBER(SEARCH("World",'RawData'!C8)),"",SUMIFS('RawData'!G:G,'RawData'!B:B,'RawData'!B8,'RawData'!C:C,"*World*")) -> 110000 | I8: =IF(ISNUMBER(SEARCH("World",'RawData'!C8)),"",IFERROR(G8/H8,"-")) -> 0.0072727273 | J8: =IF(ISNUMBER(SEARCH("World",'RawData'!C8)),"",IF(ISNUMBER(SEARCH("Other",C8)),COUNTIFS('RawData'!B:B,B8,'RawData'!C:C,"<>*World*"),IF(OR(G8="",G8=0),"-",SUMPRODUCT(('RawData'!B$2:B$822=B8)*('RawData'!G$2:G$822>G8)*(ISERROR(SEARCH("World",'RawData'!C$2:C$822)))*(ISERROR(SEARCH("Other",'RawData'!C$2:C$822))))+1))) -> 8 | K8: =IF(ISNUMBER(SEARCH("World",'RawData'!C8)),"",'RawData'!H8) -> 0 | L8: =IF(ISNUMBER(SEARCH("World",'RawData'!C8)),"",SUMIFS('RawData'!H:H,'RawData'!B:B,'RawData'!B8,'RawData'!C:C,"*World*")) -> 2000000 | M8: =IF(ISNUMBER(SEARCH("World",'RawData'!C8)),"",IFERROR(K8/L8,"-")) -> 0 | N8: =IF(ISNUMBER(SEARCH("World",'RawData'!C8)),"",IF(ISNUMBER(SEARCH("Other",C8)),COUNTIFS('RawData'!B:B,B8,'RawData'!C:C,"<>*World*"),IF(OR(K8="",K8=0),"-",SUMPRODUCT(('RawData'!B$2:B$822=B8)*('RawData'!H$2:H$822>K8)*(ISERROR(SEARCH("World",'RawData'!C$2:C$822)))*(ISERROR(SEARCH("Other",'RawData'!C$2:C$822))))+1))) -> -
A9: =IF(ISNUMBER(SEARCH("World",'RawData'!C9)),"",'RawData'!A9) -> MCS2026 | B9: =IF(ISNUMBER(SEARCH("World",'RawData'!C9)),"",'RawData'!B9) -> Antimony | C9: =IF(ISNUMBER(SEARCH("World",'RawData'!C9)),"",'RawData'!C9) -> Kyrgyzstan | D9: =IF(ISNUMBER(SEARCH("World",'RawData'!C9)),"",'RawData'!D9) -> Mine production, antimony content | E9: =IF(ISNUMBER(SEARCH("World",'RawData'!C9)),"",IF('RawData'!E9="WT001","kg",IF('RawData'!E9="WT002","ton",IF('RawData'!E9="WT003","k ton","")))) -> ton | F9: =IF(ISNUMBER(SEARCH("World",'RawData'!C9)),"",'RawData'!F9) -> 700 | G9: =IF(ISNUMBER(SEARCH("World",'RawData'!C9)),"",'RawData'!G9) -> 700 | H9: =IF(ISNUMBER(SEARCH("World",'RawData'!C9)),"",SUMIFS('RawData'!G:G,'RawData'!B:B,'RawData'!B9,'RawData'!C:C,"*World*")) -> 110000 | I9: =IF(ISNUMBER(SEARCH("World",'RawData'!C9)),"",IFERROR(G9/H9,"-")) -> 0.0063636364 | J9: =IF(ISNUMBER(SEARCH("World",'RawData'!C9)),"",IF(ISNUMBER(SEARCH("Other",C9)),COUNTIFS('RawData'!B:B,B9,'RawData'!C:C,"<>*World*"),IF(OR(G9="",G9=0),"-",SUMPRODUCT(('RawData'!B$2:B$822=B9)*('RawData'!G$2:G$822>G9)*(ISERROR(SEARCH("World",'RawData'!C$2:C$822)))*(ISERROR(SEARCH("Other",'RawData'!C$2:C$822))))+1))) -> 9 | K9: =IF(ISNUMBER(SEARCH("World",'RawData'!C9)),"",'RawData'!H9) -> 260000 | L9: =IF(ISNUMBER(SEARCH("World",'RawData'!C9)),"",SUMIFS('RawData'!H:H,'RawData'!B:B,'RawData'!B9,'RawData'!C:C,"*World*")) -> 2000000 | M9: =IF(ISNUMBER(SEARCH("World",'RawData'!C9)),"",IFERROR(K9/L9,"-")) -> 0.13 | N9: =IF(ISNUMBER(SEARCH("World",'RawData'!C9)),"",IF(ISNUMBER(SEARCH("Other",C9)),COUNTIFS('RawData'!B:B,B9,'RawData'!C:C,"<>*World*"),IF(OR(K9="",K9=0),"-",SUMPRODUCT(('RawData'!B$2:B$822=B9)*('RawData'!H$2:H$822>K9)*(ISERROR(SEARCH("World",'RawData'!C$2:C$822)))*(ISERROR(SEARCH("Other",'RawData'!C$2:C$822))))+1))) -> 4
A10: =IF(ISNUMBER(SEARCH("World",'RawData'!C10)),"",'RawData'!A10) -> MCS2026 | B10: =IF(ISNUMBER(SEARCH("World",'RawData'!C10)),"",'RawData'!B10) -> Antimony | C10: =IF(ISNUMBER(SEARCH("World",'RawData'!C10)),"",'RawData'!C10) -> Laos | D10: =IF(ISNUMBER(SEARCH("World",'RawData'!C10)),"",'RawData'!D10) -> Mine production, antimony content | E10: =IF(ISNUMBER(SEARCH("World",'RawData'!C10)),"",IF('RawData'!E10="WT001","kg",IF('RawData'!E10="WT002","ton",IF('RawData'!E10="WT003","k ton","")))) -> ton | F10: =IF(ISNUMBER(SEARCH("World",'RawData'!C10)),"",'RawData'!F10) -> 200 | G10: =IF(ISNUMBER(SEARCH("World",'RawData'!C10)),"",'RawData'!G10) -> 200 | H10: =IF(ISNUMBER(SEARCH("World",'RawData'!C10)),"",SUMIFS('RawData'!G:G,'RawData'!B:B,'RawData'!B10,'RawData'!C:C,"*World*")) -> 110000 | I10: =IF(ISNUMBER(SEARCH("World",'RawData'!C10)),"",IFERROR(G10/H10,"-")) -> 0.0018181818 | J10: =IF(ISNUMBER(SEARCH("World",'RawData'!C10)),"",IF(ISNUMBER(SEARCH("Other",C10)),COUNTIFS('RawData'!B:B,B10,'RawData'!C:C,"<>*World*"),IF(OR(G10="",G10=0),"-",SUMPRODUCT(('RawData'!B$2:B$822=B10)*('RawData'!G$2:G$822>G10)*(ISERROR(SEARCH("World",'RawData'!C$2:C$822)))*(ISERROR(SEARCH("Other",'RawData'!C$2:C$822))))+1))) -> 13 | K10: =IF(ISNUMBER(SEARCH("World",'RawData'!C10)),"",'RawData'!H10) -> 0 | L10: =IF(ISNUMBER(SEARCH("World",'RawData'!C10)),"",SUMIFS('RawData'!H:H,'RawData'!B:B,'RawData'!B10,'RawData'!C:C,"*World*")) -> 2000000 | M10: =IF(ISNUMBER(SEARCH("World",'RawData'!C10)),"",IFERROR(K10/L10,"-")) -> 0 | N10: =IF(ISNUMBER(SEARCH("World",'RawData'!C10)),"",IF(ISNUMBER(SEARCH("Other",C10)),COUNTIFS('RawData'!B:B,B10,'RawData'!C:C,"<>*World*"),IF(OR(K10="",K10=0),"-",SUMPRODUCT(('RawData'!B$2:B$822=B10)*('RawData'!H$2:H$822>K10)*(ISERROR(SEARCH("World",'RawData'!C$2:C$822)))*(ISERROR(SEARCH("Other",'RawData'!C$2:C$822))))+1))) -> -
A11: =IF(ISNUMBER(SEARCH("World",'RawData'!C11)),"",'RawData'!A11) -> MCS2026 | B11: =IF(ISNUMBER(SEARCH("World",'RawData'!C11)),"",'RawData'!B11) -> Antimony | C11: =IF(ISNUMBER(SEARCH("World",'RawData'!C11)),"",'RawData'!C11) -> Mexico | D11: =IF(ISNUMBER(SEARCH("World",'RawData'!C11)),"",'RawData'!D11) -> Mine production, antimony content | E11: =IF(ISNUMBER(SEARCH("World",'RawData'!C11)),"",IF('RawData'!E11="WT001","kg",IF('RawData'!E11="WT002","ton",IF('RawData'!E11="WT003","k ton","")))) -> ton | F11: =IF(ISNUMBER(SEARCH("World",'RawData'!C11)),"",'RawData'!F11) -> 600 | G11: =IF(ISNUMBER(SEARCH("World",'RawData'!C11)),"",'RawData'!G11) -> 600 | H11: =IF(ISNUMBER(SEARCH("World",'RawData'!C11)),"",SUMIFS('RawData'!G:G,'RawData'!B:B,'RawData'!B11,'RawData'!C:C,"*World*")) -> 110000 | I11: =IF(ISNUMBER(SEARCH("World",'RawData'!C11)),"",IFERROR(G11/H11,"-")) -> 0.0054545455 | J11: =IF(ISNUMBER(SEARCH("World",'RawData'!C11)),"",IF(ISNUMBER(SEARCH("Other",C11)),COUNTIFS('RawData'!B:B,B11,'RawData'!C:C,"<>*World*"),IF(OR(G11="",G11=0),"-",SUMPRODUCT(('RawData'!B$2:B$822=B11)*('RawData'!G$2:G$822>G11)*(ISERROR(SEARCH("World",'RawData'!C$2:C$822)))*(ISERROR(SEARCH("Other",'RawData'!C$2:C$822))))+1))) -> 10 | K11: =IF(ISNUMBER(SEARCH("World",'RawData'!C11)),"",'RawData'!H11) -> 18000 | L11: =IF(ISNUMBER(SEARCH("World",'RawData'!C11)),"",SUMIFS('RawData'!H:H,'RawData'!B:B,'RawData'!B11,'RawData'!C:C,"*World*")) -> 2000000 | M11: =IF(ISNUMBER(SEARCH("World",'RawData'!C11)),"",IFERROR(K11/L11,"-")) -> 0.009 | N11: =IF(ISNUMBER(SEARCH("World",'RawData'!C11)),"",IF(ISNUMBER(SEARCH("Other",C11)),COUNTIFS('RawData'!B:B,B11,'RawData'!C:C,"<>*World*"),IF(OR(K11="",K11=0),"-",SUMPRODUCT(('RawData'!B$2:B$822=B11)*('RawData'!H$2:H$822>K11)*(ISERROR(SEARCH("World",'RawData'!C$2:C$822)))*(ISERROR(SEARCH("Other",'RawData'!C$2:C$822))))+1))) -> 13
A12: =IF(ISNUMBER(SEARCH("World",'RawData'!C12)),"",'RawData'!A12) -> MCS2026 | B12: =IF(ISNUMBER(SEARCH("World",'RawData'!C12)),"",'RawData'!B12) -> Antimony | C12: =IF(ISNUMBER(SEARCH("World",'RawData'!C12)),"",'RawData'!C12) -> Myanmar | D12: =IF(ISNUMBER(SEARCH("World",'RawData'!C12)),"",'RawData'!D12) -> Mine production, antimony content | E12: =IF(ISNUMBER(SEARCH("World",'RawData'!C12)),"",IF('RawData'!E12="WT001","kg",IF('RawData'!E12="WT002","ton",IF('RawData'!E12="WT003","k ton","")))) -> ton | F12: =IF(ISNUMBER(SEARCH("World",'RawData'!C12)),"",'RawData'!F12) -> 4500 | G12: =IF(ISNUMBER(SEARCH("World",'RawData'!C12)),"",'RawData'!G12) -> 4500 | H12: =IF(ISNUMBER(SEARCH("World",'RawData'!C12)),"",SUMIFS('RawData'!G:G,'RawData'!B:B,'RawData'!B12,'RawData'!C:C,"*World*")) -> 110000 | I12: =IF(ISNUMBER(SEARCH("World",'RawData'!C12)),"",IFERROR(G12/H12,"-")) -> 0.040909091 | J12: =IF(ISNUMBER(SEARCH("World",'RawData'!C12)),"",IF(ISNUMBER(SEARCH("Other",C12)),COUNTIFS('RawData'!B:B,B12,'RawData'!C:C,"<>*World*"),IF(OR(G12="",G12=0),"-",SUMPRODUCT(('RawData'!B$2:B$822=B12)*('RawData'!G$2:G$822>G12)*(ISERROR(SEARCH("World",'RawData'!C$2:C$822)))*(ISERROR(SEARCH("Other",'RawData'!C$2:C$822))))+1))) -> 5 | K12: =IF(ISNUMBER(SEARCH("World",'RawData'!C12)),"",'RawData'!H12) -> 140000 | L12: =IF(ISNUMBER(SEARCH("World",'RawData'!C12)),"",SUMIFS('RawData'!H:H,'RawData'!B:B,'RawData'!B12,'RawData'!C:C,"*World*")) -> 2000000 | M12: =IF(ISNUMBER(SEARCH("World",'RawData'!C12)),"",IFERROR(K12/L12,"-")) -> 0.07 | N12: =IF(ISNUMBER(SEARCH("World",'RawData'!C12)),"",IF(ISNUMBER(SEARCH("Other",C12)),COUNTIFS('RawData'!B:B,B12,'RawData'!C:C,"<>*World*"),IF(OR(K12="",K12=0),"-",SUMPRODUCT(('RawData'!B$2:B$822=B12)*('RawData'!H$2:H$822>K12)*(ISERROR(SEARCH("World",'RawData'!C$2:C$822)))*(ISERROR(SEARCH("Other",'RawData'!C$2:C$822))))+1))) -> 5
A13: =IF(ISNUMBER(SEARCH("World",'RawData'!C13)),"",'RawData'!A13) -> MCS2026 | B13: =IF(ISNUMBER(SEARCH("World",'RawData'!C13)),"",'RawData'!B13) -> Antimony | C13: =IF(ISNUMBER(SEARCH("World",'RawData'!C13)),"",'RawData'!C13) -> Pakistan | D13: =IF(ISNUMBER(SEARCH("World",'RawData'!C13)),"",'RawData'!D13) -> Mine production, antimony content | E13: =IF(ISNUMBER(SEARCH("World",'RawData'!C13)),"",IF('RawData'!E13="WT001","kg",IF('RawData'!E13="WT002","ton",IF('RawData'!E13="WT003","k ton","")))) -> ton | F13: =IF(ISNUMBER(SEARCH("World",'RawData'!C13)),"",'RawData'!F13) -> 260 | G13: =IF(ISNUMBER(SEARCH("World",'RawData'!C13)),"",'RawData'!G13) -> 260 | H13: =IF(ISNUMBER(SEARCH("World",'RawData'!C13)),"",SUMIFS('RawData'!G:G,'RawData'!B:B,'RawData'!B13,'RawData'!C:C,"*World*")) -> 110000 | I13: =IF(ISNUMBER(SEARCH("World",'RawData'!C13)),"",IFERROR(G13/H13,"-")) -> 0.0023636364 | J13: =IF(ISNUMBER(SEARCH("World",'RawData'!C13)),"",IF(ISNUMBER(SEARCH("Other",C13)),COUNTIFS('RawData'!B:B,B13,'RawData'!C:C,"<>*World*"),IF(OR(G13="",G13=0),"-",SUMPRODUCT(('RawData'!B$2:B$822=B13)*('RawData'!G$2:G$822>G13)*(ISERROR(SEARCH("World",'RawData'!C$2:C$822)))*(ISERROR(SEARCH("Other",'RawData'!C$2:C$822))))+1))) -> 11 | K13: =IF(ISNUMBER(SEARCH("World",'RawData'!C13)),"",'RawData'!H13) -> 26000 | L13: =IF(ISNUMBER(SEARCH("World",'RawData'!C13)),"",SUMIFS('RawData'!H:H,'RawData'!B:B,'RawData'!B13,'RawData'!C:C,"*World*")) -> 2000000 | M13: =IF(ISNUMBER(SEARCH("World",'RawData'!C13)),"",IFERROR(K13/L13,"-")) -> 0.013 | N13: =IF(ISNUMBER(SEARCH("World",'RawData'!C13)),"",IF(ISNUMBER(SEARCH("Other",C13)),COUNTIFS('RawData'!B:B,B13,'RawData'!C:C,"<>*World*"),IF(OR(K13="",K13=0),"-",SUMPRODUCT(('RawData'!B$2:B$822=B13)*('RawData'!H$2:H$822>K13)*(ISERROR(SEARCH("World",'RawData'!C$2:C$822)))*(ISERROR(SEARCH("Other",'RawData'!C$2:C$822))))+1))) -> 12
... A18: =IF(ISNUMBER(SEARCH("World",'RawData'!C18)),"",'RawData'!A18) -> MCS2026 | B18: =IF(ISNUMBER(SEARCH("World",'RawData'!C18)),"",'RawData'!B18) -> Antimony | C18: =IF(ISNUMBER(SEARCH("World",'RawData'!C18)),"",'RawData'!C18) -> Vietnam | D18: =IF(ISNUMBER(SEARCH("World",'RawData'!C18)),"",'RawData'!D18) -> Mine production, antimony content | E18: =IF(ISNUMBER(SEARCH("World",'RawData'!C18)),"",IF('RawData'!E18="WT001","kg",IF('RawData'!E18="WT002","ton",IF('RawData'!E18="WT003","k ton","")))) -> ton | F18: =IF(ISNUMBER(SEARCH("World",'RawData'!C18)),"",'RawData'!F18) -> 220 | G18: =IF(ISNUMBER(SEARCH("World",'RawData'!C18)),"",'RawData'!G18) -> 220 | H18: =IF(ISNUMBER(SEARCH("World",'RawData'!C18)),"",SUMIFS('RawData'!G:G,'RawData'!B:B,'RawData'!B18,'RawData'!C:C,"*World*")) -> 110000 | I18: =IF(ISNUMBER(SEARCH("World",'RawData'!C18)),"",IFERROR(G18/H18,"-")) -> 0.002 | J18: =IF(ISNUMBER(SEARCH("World",'RawData'!C18)),"",IF(ISNUMBER(SEARCH("Other",C18)),COUNTIFS('RawData'!B:B,B18,'RawData'!C:C,"<>*World*"),IF(OR(G18="",G18=0),"-",SUMPRODUCT(('RawData'!B$2:B$822=B18)*('RawData'!G$2:G$822>G18)*(ISERROR(SEARCH("World",'RawData'!C$2:C$822)))*(ISERROR(SEARCH("Other",'RawData'!C$2:C$822))))+1))) -> 12 | K18: =IF(ISNUMBER(SEARCH("World",'RawData'!C18)),"",'RawData'!H18) -> 54000 | L18: =IF(ISNUMBER(SEARCH("World",'RawData'!C18)),"",SUMIFS('RawData'!H:H,'RawData'!B:B,'RawData'!B18,'RawData'!C:C,"*World*")) -> 2000000 | M18: =IF(ISNUMBER(SEARCH("World",'RawData'!C18)),"",IFERROR(K18/L18,"-")) -> 0.027 | N18: =IF(ISNUMBER(SEARCH("World",'RawData'!C18)),"",IF(ISNUMBER(SEARCH("Other",C18)),COUNTIFS('RawData'!B:B,B18,'RawData'!C:C,"<>*World*"),IF(OR(K18="",K18=0),"-",SUMPRODUCT(('RawData'!B$2:B$822=B18)*('RawData'!H$2:H$822>K18)*(ISERROR(SEARCH("World",'RawData'!C$2:C$822)))*(ISERROR(SEARCH("Other",'RawData'!C$2:C$822))))+1))) -> 11
A19: =IF(ISNUMBER(SEARCH("World",'RawData'!C20)),"",'RawData'!A20) -> MCS2026 | B19: =IF(ISNUMBER(SEARCH("World",'RawData'!C20)),"",'RawData'!B20) -> Arsenic | C19: =IF(ISNUMBER(SEARCH("World",'RawData'!C20)),"",'RawData'!C20) -> Belgium | D19: =IF(ISNUMBER(SEARCH("World",'RawData'!C20)),"",'RawData'!D20) -> Plant production, arsenic trioxide or calculated equivalent. | E19: =IF(ISNUMBER(SEARCH("World",'RawData'!C20)),"",IF('RawData'!E20="WT001","kg",IF('RawData'!E20="WT002","ton",IF('RawData'!E20="WT003","k ton","")))) -> ton | F19: =IF(ISNUMBER(SEARCH("World",'RawData'!C20)),"",'RawData'!F20) -> 1000 | G19: =IF(ISNUMBER(SEARCH("World",'RawData'!C20)),"",'RawData'!G20) -> 1000 | H19: =IF(ISNUMBER(SEARCH("World",'RawData'!C20)),"",SUMIFS('RawData'!G:G,'RawData'!B:B,'RawData'!B20,'RawData'!C:C,"*World*")) -> 61000 | I19: =IF(ISNUMBER(SEARCH("World",'RawData'!C20)),"",IFERROR(G19/H19,"-")) -> 0.016393443 | J19: =IF(ISNUMBER(SEARCH("World",'RawData'!C20)),"",IF(ISNUMBER(SEARCH("Other",C19)),COUNTIFS('RawData'!B:B,B19,'RawData'!C:C,"<>*World*"),IF(OR(G19="",G19=0),"-",SUMPRODUCT(('RawData'!B$2:B$822=B19)*('RawData'!G$2:G$822>G19)*(ISERROR(SEARCH("World",'RawData'!C$2:C$822)))*(ISERROR(SEARCH("Other",'RawData'!C$2:C$822))))+1))) -> 4 | K19: =IF(ISNUMBER(SEARCH("World",'RawData'!C20)),"",'RawData'!H20) -> 0 | L19: =IF(ISNUMBER(SEARCH("World",'RawData'!C20)),"",SUMIFS('RawData'!H:H,'RawData'!B:B,'RawData'!B20,'RawData'!C:C,"*World*")) -> 0 | M19: =IF(ISNUMBER(SEARCH("World",'RawData'!C20)),"",IFERROR(K19/L19,"-")) -> - | N19: =IF(ISNUMBER(SEARCH("World",'RawData'!C20)),"",IF(ISNUMBER(SEARCH("Other",C19)),COUNTIFS('RawData'!B:B,B19,'RawData'!C:C,"<>*World*"),IF(OR(K19="",K19=0),"-",SUMPRODUCT(('RawData'!B$2:B$822=B19)*('RawData'!H$2:H$822>K19)*(ISERROR(SEARCH("World",'RawData'!C$2:C$822)))*(ISERROR(SEARCH("Other",'RawData'!C$2:C$822))))+1))) -> -
A20: =IF(ISNUMBER(SEARCH("World",'RawData'!C21)),"",'RawData'!A21) -> MCS2026 | B20: =IF(ISNUMBER(SEARCH("World",'RawData'!C21)),"",'RawData'!B21) -> Arsenic | C20: =IF(ISNUMBER(SEARCH("World",'RawData'!C21)),"",'RawData'!C21) -> China | D20: =IF(ISNUMBER(SEARCH("World",'RawData'!C21)),"",'RawData'!D21) -> Plant production, arsenic trioxide or calculated equivalent. | E20: =IF(ISNUMBER(SEARCH("World",'RawData'!C21)),"",IF('RawData'!E21="WT001","kg",IF('RawData'!E21="WT002","ton",IF('RawData'!E21="WT003","k ton","")))) -> ton | F20: =IF(ISNUMBER(SEARCH("World",'RawData'!C21)),"",'RawData'!F21) -> 24000 | G20: =IF(ISNUMBER(SEARCH("World",'RawData'!C21)),"",'RawData'!G21) -> 24000 | H20: =IF(ISNUMBER(SEARCH("World",'RawData'!C21)),"",SUMIFS('RawData'!G:G,'RawData'!B:B,'RawData'!B21,'RawData'!C:C,"*World*")) -> 61000 | I20: =IF(ISNUMBER(SEARCH("World",'RawData'!C21)),"",IFERROR(G20/H20,"-")) -> 0.39344262 | J20: =IF(ISNUMBER(SEARCH("World",'RawData'!C21)),"",IF(ISNUMBER(SEARCH("Other",C20)),COUNTIFS('RawData'!B:B,B20,'RawData'!C:C,"<>*World*"),IF(OR(G20="",G20=0),"-",SUMPRODUCT(('RawData'!B$2:B$822=B20)*('RawData'!G$2:G$822>G20)*(ISERROR(SEARCH("World",'RawData'!C$2:C$822)))*(ISERROR(SEARCH("Other",'RawData'!C$2:C$822))))+1))) -> 2 | K20: =IF(ISNUMBER(SEARCH("World",'RawData'!C21)),"",'RawData'!H21) -> 0 | L20: =IF(ISNUMBER(SEARCH("World",'RawData'!C21)),"",SUMIFS('RawData'!H:H,'RawData'!B:B,'RawData'!B21,'RawData'!C:C,"*World*")) -> 0 | M20: =IF(ISNUMBER(SEARCH("World",'RawData'!C21)),"",IFERROR(K20/L20,"-")) -> - | N20: =IF(ISNUMBER(SEARCH("World",'RawData'!C21)),"",IF(ISNUMBER(SEARCH("Other",C20)),COUNTIFS('RawData'!B:B,B20,'RawData'!C:C,"<>*World*"),IF(OR(K20="",K20=0),"-",SUMPRODUCT(('RawData'!B$2:B$822=B20)*('RawData'!H$2:H$822>K20)*(ISERROR(SEARCH("World",'RawData'!C$2:C$822)))*(ISERROR(SEARCH("Other",'RawData'!C$2:C$822))))+1))) -> -
A21: =IF(ISNUMBER(SEARCH("World",'RawData'!C22)),"",'RawData'!A22) -> MCS2026 | B21: =IF(ISNUMBER(SEARCH("World",'RawData'!C22)),"",'RawData'!B22) -> Arsenic | C21: =IF(ISNUMBER(SEARCH("World",'RawData'!C22)),"",'RawData'!C22) -> Japan | D21: =IF(ISNUMBER(SEARCH("World",'RawData'!C22)),"",'RawData'!D22) -> Plant production, arsenic trioxide or calculated equivalent. | E21: =IF(ISNUMBER(SEARCH("World",'RawData'!C22)),"",IF('RawData'!E22="WT001","kg",IF('RawData'!E22="WT002","ton",IF('RawData'!E22="WT003","k ton","")))) -> ton | F21: =IF(ISNUMBER(SEARCH("World",'RawData'!C22)),"",'RawData'!F22) -> 40 | G21: =IF(ISNUMBER(SEARCH("World",'RawData'!C22)),"",'RawData'!G22) -> 0 | H21: =IF(ISNUMBER(SEARCH("World",'RawData'!C22)),"",SUMIFS('RawData'!G:G,'RawData'!B:B,'RawData'!B22,'RawData'!C:C,"*World*")) -> 61000 | I21: =IF(ISNUMBER(SEARCH("World",'RawData'!C22)),"",IFERROR(G21/H21,"-")) -> 0 | J21: =IF(ISNUMBER(SEARCH("World",'RawData'!C22)),"",IF(ISNUMBER(SEARCH("Other",C21)),COUNTIFS('RawData'!B:B,B21,'RawData'!C:C,"<>*World*"),IF(OR(G21="",G21=0),"-",SUMPRODUCT(('RawData'!B$2:B$822=B21)*('RawData'!G$2:G$822>G21)*(ISERROR(SEARCH("World",'RawData'!C$2:C$822)))*(ISERROR(SEARCH("Other",'RawData'!C$2:C$822))))+1))) -> - | K21: =IF(ISNUMBER(SEARCH("World",'RawData'!C22)),"",'RawData'!H22) -> 0 | L21: =IF(ISNUMBER(SEARCH("World",'RawData'!C22)),"",SUMIFS('RawData'!H:H,'RawData'!B:B,'RawData'!B22,'RawData'!C:C,"*World*")) -> 0 | M21: =IF(ISNUMBER(SEARCH("World",'RawData'!C22)),"",IFERROR(K21/L21,"-")) -> - | N21: =IF(ISNUMBER(SEARCH("World",'RawData'!C22)),"",IF(ISNUMBER(SEARCH("Other",C21)),COUNTIFS('RawData'!B:B,B21,'RawData'!C:C,"<>*World*"),IF(OR(K21="",K21=0),"-",SUMPRODUCT(('RawData'!B$2:B$822=B21)*('RawData'!H$2:H$822>K21)*(ISERROR(SEARCH("World",'RawData'!C$2:C$822)))*(ISERROR(SEARCH("Other",'RawData'!C$2:C$822))))+1))) -> -
A22: =IF(ISNUMBER(SEARCH("World",'RawData'!C23)),"",'RawData'!A23) -> MCS2026 | B22: =IF(ISNUMBER(SEARCH("World",'RawData'!C23)),"",'RawData'!B23) -> Arsenic | C22: =IF(ISNUMBER(SEARCH("World",'RawData'!C23)),"",'RawData'!C23) -> Morocco | D22: =IF(ISNUMBER(SEARCH("World",'RawData'!C23)),"",'RawData'!D23) -> Plant production, arsenic trioxide or calculated equivalent. | E22: =IF(ISNUMBER(SEARCH("World",'RawData'!C23)),"",IF('RawData'!E23="WT001","kg",IF('RawData'!E23="WT002","ton",IF('RawData'!E23="WT003","k ton","")))) -> ton | F22: =IF(ISNUMBER(SEARCH("World",'RawData'!C23)),"",'RawData'!F23) -> 6000 | G22: =IF(ISNUMBER(SEARCH("World",'RawData'!C23)),"",'RawData'!G23) -> 5000 | H22: =IF(ISNUMBER(SEARCH("World",'RawData'!C23)),"",SUMIFS('RawData'!G:G,'RawData'!B:B,'RawData'!B23,'RawData'!C:C,"*World*")) -> 61000 | I22: =IF(ISNUMBER(SEARCH("World",'RawData'!C23)),"",IFERROR(G22/H22,"-")) -> 0.081967213 | J22: =IF(ISNUMBER(SEARCH("World",'RawData'!C23)),"",IF(ISNUMBER(SEARCH("Other",C22)),COUNTIFS('RawData'!B:B,B22,'RawData'!C:C,"<>*World*"),IF(OR(G22="",G22=0),"-",SUMPRODUCT(('RawData'!B$2:B$822=B22)*('RawData'!G$2:G$822>G22)*(ISERROR(SEARCH("World",'RawData'!C$2:C$822)))*(ISERROR(SEARCH("Other",'RawData'!C$2:C$822))))+1))) -> 3 | K22: =IF(ISNUMBER(SEARCH("World",'RawData'!C23)),"",'RawData'!H23) -> 0 | L22: =IF(ISNUMBER(SEARCH("World",'RawData'!C23)),"",SUMIFS('RawData'!H:H,'RawData'!B:B,'RawData'!B23,'RawData'!C:C,"*World*")) -> 0 | M22: =IF(ISNUMBER(SEARCH("World",'RawData'!C23)),"",IFERROR(K22/L22,"-")) -> - | N22: =IF(ISNUMBER(SEARCH("World",'RawData'!C23)),"",IF(ISNUMBER(SEARCH("Other",C22)),COUNTIFS('RawData'!B:B,B22,'RawData'!C:C,"<>*World*"),IF(OR(K22="",K22=0),"-",SUMPRODUCT(('RawData'!B$2:B$822=B22)*('RawData'!H$2:H$822>K22)*(ISERROR(SEARCH("World",'RawData'!C$2:C$822)))*(ISERROR(SEARCH("Other",'RawData'!C$2:C$822))))+1))) -> -
A23: =IF(ISNUMBER(SEARCH("World",'RawData'!C24)),"",'RawData'!A24) -> MCS2026 | B23: =IF(ISNUMBER(SEARCH("World",'RawData'!C24)),"",'RawData'!B24) -> Arsenic | C23: =IF(ISNUMBER(SEARCH("World",'RawData'!C24)),"",'RawData'!C24) -> Peru | D23: =IF(ISNUMBER(SEARCH("World",'RawData'!C24)),"",'RawData'!D24) -> Plant production, arsenic trioxide or calculated equivalent. | E23: =IF(ISNUMBER(SEARCH("World",'RawData'!C24)),"",IF('RawData'!E24="WT001","kg",IF('RawData'!E24="WT002","ton",IF('RawData'!E24="WT003","k ton","")))) -> ton | F23: =IF(ISNUMBER(SEARCH("World",'RawData'!C24)),"",'RawData'!F24) -> 31000 | G23: =IF(ISNUMBER(SEARCH("World",'RawData'!C24)),"",'RawData'!G24) -> 30000 | H23: =IF(ISNUMBER(SEARCH("World",'RawData'!C24)),"",SUMIFS('RawData'!G:G,'RawData'!B:B,'RawData'!B24,'RawData'!C:C,"*World*")) -> 61000 | I23: =IF(ISNUMBER(SEARCH("World",'RawData'!C24)),"",IFERROR(G23/H23,"-")) -> 0.49180328 | J23: =IF(ISNUMBER(SEARCH("World",'RawData'!C24)),"",IF(ISNUMBER(SEARCH("Other",C23)),COUNTIFS('RawData'!B:B,B23,'RawData'!C:C,"<>*World*"),IF(OR(G23="",G23=0),"-",SUMPRODUCT(('RawData'!B$2:B$822=B23)*('RawData'!G$2:G$822>G23)*(ISERROR(SEARCH("World",'RawData'!C$2:C$822)))*(ISERROR(SEARCH("Other",'RawData'!C$2:C$822))))+1))) -> 1 | K23: =IF(ISNUMBER(SEARCH("World",'RawData'!C24)),"",'RawData'!H24) -> 0 | L23: =IF(ISNUMBER(SEARCH("World",'RawData'!C24)),"",SUMIFS('RawData'!H:H,'RawData'!B:B,'RawData'!B24,'RawData'!C:C,"*World*")) -> 0 | M23: =IF(ISNUMBER(SEARCH("World",'RawData'!C24)),"",IFERROR(K23/L23,"-")) -> - | N23: =IF(ISNUMBER(SEARCH("World",'RawData'!C24)),"",IF(ISNUMBER(SEARCH("Other",C23)),COUNTIFS('RawData'!B:B,B23,'RawData'!C:C,"<>*World*"),IF(OR(K23="",K23=0),"-",SUMPRODUCT(('RawData'!B$2:B$822=B23)*('RawData'!H$2:H$822>K23)*(ISERROR(SEARCH("World",'RawData'!C$2:C$822)))*(ISERROR(SEARCH("Other",'RawData'!C$2:C$822))))+1))) -> -
A24: =IF(ISNUMBER(SEARCH("World",'RawData'!C25)),"",'RawData'!A25) -> MCS2026 | B24: =IF(ISNUMBER(SEARCH("World",'RawData'!C25)),"",'RawData'!B25) -> Arsenic | C24: =IF(ISNUMBER(SEARCH("World",'RawData'!C25)),"",'RawData'!C25) -> Russia | D24: =IF(ISNUMBER(SEARCH("World",'RawData'!C25)),"",'RawData'!D25) -> Plant production, arsenic trioxide or calculated equivalent. | E24: =IF(ISNUMBER(SEARCH("World",'RawData'!C25)),"",IF('RawData'!E25="WT001","kg",IF('RawData'!E25="WT002","ton",IF('RawData'!E25="WT003","k ton","")))) -> ton | F24: =IF(ISNUMBER(SEARCH("World",'RawData'!C25)),"",'RawData'!F25) -> 500 | G24: =IF(ISNUMBER(SEARCH("World",'RawData'!C25)),"",'RawData'!G25) -> 500 | H24: =IF(ISNUMBER(SEARCH("World",'RawData'!C25)),"",SUMIFS('RawData'!G:G,'RawData'!B:B,'RawData'!B25,'RawData'!C:C,"*World*")) -> 61000 | I24: =IF(ISNUMBER(SEARCH("World",'RawData'!C25)),"",IFERROR(G24/H24,"-")) -> 0.0081967213 | J24: =IF(ISNUMBER(SEARCH("World",'RawData'!C25)),"",IF(ISNUMBER(SEARCH("Other",C24)),COUNTIFS('RawData'!B:B,B24,'RawData'!C:C,"<>*World*"),IF(OR(G24="",G24=0),"-",SUMPRODUCT(('RawData'!B$2:B$822=B24)*('RawData'!G$2:G$822>G24)*(ISERROR(SEARCH("World",'RawData'!C$2:C$822)))*(ISERROR(SEARCH("Other",'RawData'!C$2:C$822))))+1))) -> 5 | K24: =IF(ISNUMBER(SEARCH("World",'RawData'!C25)),"",'RawData'!H25) -> 0 | L24: =IF(ISNUMBER(SEARCH("World",'RawData'!C25)),"",SUMIFS('RawData'!H:H,'RawData'!B:B,'RawData'!B25,'RawData'!C:C,"*World*")) -> 0 | M24: =IF(ISNUMBER(SEARCH("World",'RawData'!C25)),"",IFERROR(K24/L24,"-")) -> - | N24: =IF(ISNUMBER(SEARCH("World",'RawData'!C25)),"",IF(ISNUMBER(SEARCH("Other",C24)),COUNTIFS('RawData'!B:B,B24,'RawData'!C:C,"<>*World*"),IF(OR(K24="",K24=0),"-",SUMPRODUCT(('RawData'!B$2:B$822=B24)*('RawData'!H$2:H$822>K24)*(ISERROR(SEARCH("World",'RawData'!C$2:C$822)))*(ISERROR(SEARCH("Other",'RawData'!C$2:C$822))))+1))) -> -
A25: =IF(ISNUMBER(SEARCH("World",'RawData'!C26)),"",'RawData'!A26) -> MCS2026 | B25: =IF(ISNUMBER(SEARCH("World",'RawData'!C26)),"",'RawData'!B26) -> Arsenic | C25: =IF(ISNUMBER(SEARCH("World",'RawData'!C26)),"",'RawData'!C26) -> United States | D25: =IF(ISNUMBER(SEARCH("World",'RawData'!C26)),"",'RawData'!D26) -> Plant production, arsenic trioxide or calculated equivalent. | E25: =IF(ISNUMBER(SEARCH("World",'RawData'!C26)),"",IF('RawData'!E26="WT001","kg",IF('RawData'!E26="WT002","ton",IF('RawData'!E26="WT003","k ton","")))) -> ton | F25: =IF(ISNUMBER(SEARCH("World",'RawData'!C26)),"",'RawData'!F26) -> 0 | G25: =IF(ISNUMBER(SEARCH("World",'RawData'!C26)),"",'RawData'!G26) -> 0 | H25: =IF(ISNUMBER(SEARCH("World",'RawData'!C26)),"",SUMIFS('RawData'!G:G,'RawData'!B:B,'RawData'!B26,'RawData'!C:C,"*World*")) -> 61000 | I25: =IF(ISNUMBER(SEARCH("World",'RawData'!C26)),"",IFERROR(G25/H25,"-")) -> 0 | J25: =IF(ISNUMBER(SEARCH("World",'RawData'!C26)),"",IF(ISNUMBER(SEARCH("Other",C25)),COUNTIFS('RawData'!B:B,B25,'RawData'!C:C,"<>*World*"),IF(OR(G25="",G25=0),"-",SUMPRODUCT(('RawData'!B$2:B$822=B25)*('RawData'!G$2:G$822>G25)*(ISERROR(SEARCH("World",'RawData'!C$2:C$822)))*(ISERROR(SEARCH("Other",'RawData'!C$2:C$822))))+1))) -> - | K25: =IF(ISNUMBER(SEARCH("World",'RawData'!C26)),"",'RawData'!H26) -> 0 | L25: =IF(ISNUMBER(SEARCH("World",'RawData'!C26)),"",SUMIFS('RawData'!H:H,'RawData'!B:B,'RawData'!B26,'RawData'!C:C,"*World*")) -> 0 | M25: =IF(ISNUMBER(SEARCH("World",'RawData'!C26)),"",IFERROR(K25/L25,"-")) -> - | N25: =IF(ISNUMBER(SEARCH("World",'RawData'!C26)),"",IF(ISNUMBER(SEARCH("Other",C25)),COUNTIFS('RawData'!B:B,B25,'RawData'!C:C,"<>*World*"),IF(OR(K25="",K25=0),"-",SUMPRODUCT(('RawData'!B$2:B$822=B25)*('RawData'!H$2:H$822>K25)*(ISERROR(SEARCH("World",'RawData'!C$2:C$822)))*(ISERROR(SEARCH("Other",'RawData'!C$2:C$822))))+1))) -> -
A26: =IF(ISNUMBER(SEARCH("World",'RawData'!C28)),"",'RawData'!A28) -> MCS2026 | B26: =IF(ISNUMBER(SEARCH("World",'RawData'!C28)),"",'RawData'!B28) -> Asbestos | C26: =IF(ISNUMBER(SEARCH("World",'RawData'!C28)),"",'RawData'!C28) -> Brazil | D26: =IF(ISNUMBER(SEARCH("World",'RawData'!C28)),"",'RawData'!D28) -> Mine production, asbestos | E26: =IF(ISNUMBER(SEARCH("World",'RawData'!C28)),"",IF('RawData'!E28="WT001","kg",IF('RawData'!E28="WT002","ton",IF('RawData'!E28="WT003","k ton","")))) -> ton | F26: =IF(ISNUMBER(SEARCH("World",'RawData'!C28)),"",'RawData'!F28) -> 116890 | G26: =IF(ISNUMBER(SEARCH("World",'RawData'!C28)),"",'RawData'!G28) -> 150000 | H26: =IF(ISNUMBER(SEARCH("World",'RawData'!C28)),"",SUMIFS('RawData'!G:G,'RawData'!B:B,'RawData'!B28,'RawData'!C:C,"*World*")) -> 960000 | I26: =IF(ISNUMBER(SEARCH("World",'RawData'!C28)),"",IFERROR(G26/H26,"-")) -> 0.15625 | J26: =IF(ISNUMBER(SEARCH("World",'RawData'!C28)),"",IF(ISNUMBER(SEARCH("Other",C26)),COUNTIFS('RawData'!B:B,B26,'RawData'!C:C,"<>*World*"),IF(OR(G26="",G26=0),"-",SUMPRODUCT(('RawData'!B$2:B$822=B26)*('RawData'!G$2:G$822>G26)*(ISERROR(SEARCH("World",'RawData'!C$2:C$822)))*(ISERROR(SEARCH("Other",'RawData'!C$2:C$822))))+1))) -> 4 | K26: =IF(ISNUMBER(SEARCH("World",'RawData'!C28)),"",'RawData'!H28) -> 11000000 | L26: =IF(ISNUMBER(SEARCH("World",'RawData'!C28)),"",SUMIFS('RawData'!H:H,'RawData'!B:B,'RawData'!B28,'RawData'!C:C,"*World*")) -> 150000000 | M26: =IF(ISNUMBER(SEARCH("World",'RawData'!C28)),"",IFERROR(K26/L26,"-")) -> 0.073333333 | N26: =IF(ISNUMBER(SEARCH("World",'RawData'!C28)),"",IF(ISNUMBER(SEARCH("Other",C26)),COUNTIFS('RawData'!B:B,B26,'RawData'!C:C,"<>*World*"),IF(OR(K26="",K26=0),"-",SUMPRODUCT(('RawData'!B$2:B$822=B26)*('RawData'!H$2:H$822>K26)*(ISERROR(SEARCH("World",'RawData'!C$2:C$822)))*(ISERROR(SEARCH("Other",'RawData'!C$2:C$822))))+1))) -> 3
A27: =IF(ISNUMBER(SEARCH("World",'RawData'!C29)),"",'RawData'!A29) -> MCS2026 | B27: =IF(ISNUMBER(SEARCH("World",'RawData'!C29)),"",'RawData'!B29) -> Asbestos | C27: =IF(ISNUMBER(SEARCH("World",'RawData'!C29)),"",'RawData'!C29) -> China | D27: =IF(ISNUMBER(SEARCH("World",'RawData'!C29)),"",'RawData'!D29) -> Mine production, asbestos | E27: =IF(ISNUMBER(SEARCH("World",'RawData'!C29)),"",IF('RawData'!E29="WT001","kg",IF('RawData'!E29="WT002","ton",IF('RawData'!E29="WT003","k ton","")))) -> ton | F27: =IF(ISNUMBER(SEARCH("World",'RawData'!C29)),"",'RawData'!F29) -> 250000 | G27: =IF(ISNUMBER(SEARCH("World",'RawData'!C29)),"",'RawData'!G29) -> 250000 | H27: =IF(ISNUMBER(SEARCH("World",'RawData'!C29)),"",SUMIFS('RawData'!G:G,'RawData'!B:B,'RawData'!B29,'RawData'!C:C,"*World*")) -> 960000 | I27: =IF(ISNUMBER(SEARCH("World",'RawData'!C29)),"",IFERROR(G27/H27,"-")) -> 0.26041667 | J27: =IF(ISNUMBER(SEARCH("World",'RawData'!C29)),"",IF(ISNUMBER(SEARCH("Other",C27)),COUNTIFS('RawData'!B:B,B27,'RawData'!C:C,"<>*World*"),IF(OR(G27="",G27=0),"-",SUMPRODUCT(('RawData'!B$2:B$822=B27)*('RawData'!G$2:G$822>G27)*(ISERROR(SEARCH("World",'RawData'!C$2:C$822)))*(ISERROR(SEARCH("Other",'RawData'!C$2:C$822))))+1))) -> 2 | K27: =IF(ISNUMBER(SEARCH("World",'RawData'!C29)),"",'RawData'!H29) -> 7100000 | L27: =IF(ISNUMBER(SEARCH("World",'RawData'!C29)),"",SUMIFS('RawData'!H:H,'RawData'!B:B,'RawData'!B29,'RawData'!C:C,"*World*")) -> 150000000 | M27: =IF(ISNUMBER(SEARCH("World",'RawData'!C29)),"",IFERROR(K27/L27,"-")) -> 0.047333333 | N27: =IF(ISNUMBER(SEARCH("World",'RawData'!C29)),"",IF(ISNUMBER(SEARCH("Other",C27)),COUNTIFS('RawData'!B:B,B27,'RawData'!C:C,"<>*World*"),IF(OR(K27="",K27=0),"-",SUMPRODUCT(('RawData'!B$2:B$822=B27)*('RawData'!H$2:H$822>K27)*(ISERROR(SEARCH("World",'RawData'!C$2:C$822)))*(ISERROR(SEARCH("Other",'RawData'!C$2:C$822))))+1))) -> 4
A28: =IF(ISNUMBER(SEARCH("World",'RawData'!C30)),"",'RawData'!A30) -> MCS2026 | B28: =IF(ISNUMBER(SEARCH("World",'RawData'!C30)),"",'RawData'!B30) -> Asbestos | C28: =IF(ISNUMBER(SEARCH("World",'RawData'!C30)),"",'RawData'!C30) -> Kazakhstan | D28: =IF(ISNUMBER(SEARCH("World",'RawData'!C30)),"",'RawData'!D30) -> Mine production, asbestos | E28: =IF(ISNUMBER(SEARCH("World",'RawData'!C30)),"",IF('RawData'!E30="WT001","kg",IF('RawData'!E30="WT002","ton",IF('RawData'!E30="WT003","k ton","")))) -> ton | F28: =IF(ISNUMBER(SEARCH("World",'RawData'!C30)),"",'RawData'!F30) -> 225700 | G28: =IF(ISNUMBER(SEARCH("World",'RawData'!C30)),"",'RawData'!G30) -> 250000 | H28: =IF(ISNUMBER(SEARCH("World",'RawData'!C30)),"",SUMIFS('RawData'!G:G,'RawData'!B:B,'RawData'!B30,'RawData'!C:C,"*World*")) -> 960000 | I28: =IF(ISNUMBER(SEARCH("World",'RawData'!C30)),"",IFERROR(G28/H28,"-")) -> 0.26041667 | J28: =IF(ISNUMBER(SEARCH("World",'RawData'!C30)),"",IF(ISNUMBER(SEARCH("Other",C28)),COUNTIFS('RawData'!B:B,B28,'RawData'!C:C,"<>*World*"),IF(OR(G28="",G28=0),"-",SUMPRODUCT(('RawData'!B$2:B$822=B28)*('RawData'!G$2:G$822>G28)*(ISERROR(SEARCH("World",'RawData'!C$2:C$822)))*(ISERROR(SEARCH("Other",'RawData'!C$2:C$822))))+1))) -> 2 | K28: =IF(ISNUMBER(SEARCH("World",'RawData'!C30)),"",'RawData'!H30) -> 20000000 | L28: =IF(ISNUMBER(SEARCH("World",'RawData'!C30)),"",SUMIFS('RawData'!H:H,'RawData'!B:B,'RawData'!B30,'RawData'!C:C,"*World*")) -> 150000000 | M28: =IF(ISNUMBER(SEARCH("World",'RawData'!C30)),"",IFERROR(K28/L28,"-")) -> 0.13333333 | N28: =IF(ISNUMBER(SEARCH("World",'RawData'!C30)),"",IF(ISNUMBER(SEARCH("Other",C28)),COUNTIFS('RawData'!B:B,B28,'RawData'!C:C,"<>*World*"),IF(OR(K28="",K28=0),"-",SUMPRODUCT(('RawData'!B$2:B$822=B28)*('RawData'!H$2:H$822>K28)*(ISERROR(SEARCH("World",'RawData'!C$2:C$822)))*(ISERROR(SEARCH("Other",'RawData'!C$2:C$822))))+1))) -> 2
A29: =IF(ISNUMBER(SEARCH("World",'RawData'!C31)),"",'RawData'!A31) -> MCS2026 | B29: =IF(ISNUMBER(SEARCH("World",'RawData'!C31)),"",'RawData'!B31) -> Asbestos | C29: =IF(ISNUMBER(SEARCH("World",'RawData'!C31)),"",'RawData'!C31) -> Russia | D29: =IF(ISNUMBER(SEARCH("World",'RawData'!C31)),"",'RawData'!D31) -> Mine production, asbestos | E29: =IF(ISNUMBER(SEARCH("World",'RawData'!C31)),"",IF('RawData'!E31="WT001","kg",IF('RawData'!E31="WT002","ton",IF('RawData'!E31="WT003","k ton","")))) -> ton | F29: =IF(ISNUMBER(SEARCH("World",'RawData'!C31)),"",'RawData'!F31) -> 306900 | G29: =IF(ISNUMBER(SEARCH("World",'RawData'!C31)),"",'RawData'!G31) -> 310000 | H29: =IF(ISNUMBER(SEARCH("World",'RawData'!C31)),"",SUMIFS('RawData'!G:G,'RawData'!B:B,'RawData'!B31,'RawData'!C:C,"*World*")) -> 960000 | I29: =IF(ISNUMBER(SEARCH("World",'RawData'!C31)),"",IFERROR(G29/H29,"-")) -> 0.32291667 | J29: =IF(ISNUMBER(SEARCH("World",'RawData'!C31)),"",IF(ISNUMBER(SEARCH("Other",C29)),COUNTIFS('RawData'!B:B,B29,'RawData'!C:C,"<>*World*"),IF(OR(G29="",G29=0),"-",SUMPRODUCT(('RawData'!B$2:B$822=B29)*('RawData'!G$2:G$822>G29)*(ISERROR(SEARCH("World",'RawData'!C$2:C$822)))*(ISERROR(SEARCH("Other",'RawData'!C$2:C$822))))+1))) -> 1 | K29: =IF(ISNUMBER(SEARCH("World",'RawData'!C31)),"",'RawData'!H31) -> 110000000 | L29: =IF(ISNUMBER(SEARCH("World",'RawData'!C31)),"",SUMIFS('RawData'!H:H,'RawData'!B:B,'RawData'!B31,'RawData'!C:C,"*World*")) -> 150000000 | M29: =IF(ISNUMBER(SEARCH("World",'RawData'!C31)),"",IFERROR(K29/L29,"-")) -> 0.73333333 | N29: =IF(ISNUMBER(SEARCH("World",'RawData'!C31)),"",IF(ISNUMBER(SEARCH("Other",C29)),COUNTIFS('RawData'!B:B,B29,'RawData'!C:C,"<>*World*"),IF(OR(K29="",K29=0),"-",SUMPRODUCT(('RawData'!B$2:B$822=B29)*('RawData'!H$2:H$822>K29)*(ISERROR(SEARCH("World",'RawData'!C$2:C$822)))*(ISERROR(SEARCH("Other",'RawData'!C$2:C$822))))+1))) -> 1
A30: =IF(ISNUMBER(SEARCH("World",'RawData'!C32)),"",'RawData'!A32) -> MCS2026 | B30: =IF(ISNUMBER(SEARCH("World",'RawData'!C32)),"",'RawData'!B32) -> Asbestos | C30: =IF(ISNUMBER(SEARCH("World",'RawData'!C32)),"",'RawData'!C32) -> United States | D30: =IF(ISNUMBER(SEARCH("World",'RawData'!C32)),"",'RawData'!D32) -> Mine production, asbestos | E30: =IF(ISNUMBER(SEARCH("World",'RawData'!C32)),"",IF('RawData'!E32="WT001","kg",IF('RawData'!E32="WT002","ton",IF('RawData'!E32="WT003","k ton","")))) -> ton | F30: =IF(ISNUMBER(SEARCH("World",'RawData'!C32)),"",'RawData'!F32) -> 0 | G30: =IF(ISNUMBER(SEARCH("World",'RawData'!C32)),"",'RawData'!G32) -> 0 | H30: =IF(ISNUMBER(SEARCH("World",'RawData'!C32)),"",SUMIFS('RawData'!G:G,'RawData'!B:B,'RawData'!B32,'RawData'!C:C,"*World*")) -> 960000 | I30: =IF(ISNUMBER(SEARCH("World",'RawData'!C32)),"",IFERROR(G30/H30,"-")) -> 0 | J30: =IF(ISNUMBER(SEARCH("World",'RawData'!C32)),"",IF(ISNUMBER(SEARCH("Other",C30)),COUNTIFS('RawData'!B:B,B30,'RawData'!C:C,"<>*World*"),IF(OR(G30="",G30=0),"-",SUMPRODUCT(('RawData'!B$2:B$822=B30)*('RawData'!G$2:G$822>G30)*(ISERROR(SEARCH("World",'RawData'!C$2:C$822)))*(ISERROR(SEARCH("Other",'RawData'!C$2:C$822))))+1))) -> - | K30: =IF(ISNUMBER(SEARCH("World",'RawData'!C32)),"",'RawData'!H32) -> 0 | L30: =IF(ISNUMBER(SEARCH("World",'RawData'!C32)),"",SUMIFS('RawData'!H:H,'RawData'!B:B,'RawData'!B32,'RawData'!C:C,"*World*")) -> 150000000 | M30: =IF(ISNUMBER(SEARCH("World",'RawData'!C32)),"",IFERROR(K30/L30,"-")) -> 0 | N30: =IF(ISNUMBER(SEARCH("World",'RawData'!C32)),"",IF(ISNUMBER(SEARCH("Other",C30)),COUNTIFS('RawData'!B:B,B30,'RawData'!C:C,"<>*World*"),IF(OR(K30="",K30=0),"-",SUMPRODUCT(('RawData'!B$2:B$822=B30)*('RawData'!H$2:H$822>K30)*(ISERROR(SEARCH("World",'RawData'!C$2:C$822)))*(ISERROR(SEARCH("Other",'RawData'!C$2:C$822))))+1))) -> -
A31: =IF(ISNUMBER(SEARCH("World",'RawData'!C34)),"",'RawData'!A34) -> MCS2026 | B31: =IF(ISNUMBER(SEARCH("World",'RawData'!C34)),"",'RawData'!B34) -> Barite | C31: =IF(ISNUMBER(SEARCH("World",'RawData'!C34)),"",'RawData'!C34) -> China | D31: =IF(ISNUMBER(SEARCH("World",'RawData'!C34)),"",'RawData'!D34) -> Mine production, barite, estimated | E31: =IF(ISNUMBER(SEARCH("World",'RawData'!C34)),"",IF('RawData'!E34="WT001","kg",IF('RawData'!E34="WT002","ton",IF('RawData'!E34="WT003","k ton","")))) -> k ton | F31: =IF(ISNUMBER(SEARCH("World",'RawData'!C34)),"",'RawData'!F34) -> 2100 | G31: =IF(ISNUMBER(SEARCH("World",'RawData'!C34)),"",'RawData'!G34) -> 2200 | H31: =IF(ISNUMBER(SEARCH("World",'RawData'!C34)),"",SUMIFS('RawData'!G:G,'RawData'!B:B,'RawData'!B34,'RawData'!C:C,"*World*")) -> 8700 | I31: =IF(ISNUMBER(SEARCH("World",'RawData'!C34)),"",IFERROR(G31/H31,"-")) -> 0.25287356 | J31: =IF(ISNUMBER(SEARCH("World",'RawData'!C34)),"",IF(ISNUMBER(SEARCH("Other",C31)),COUNTIFS('RawData'!B:B,B31,'RawData'!C:C,"<>*World*"),IF(OR(G31="",G31=0),"-",SUMPRODUCT(('RawData'!B$2:B$822=B31)*('RawData'!G$2:G$822>G31)*(ISERROR(SEARCH("World",'RawData'!C$2:C$822)))*(ISERROR(SEARCH("Other",'RawData'!C$2:C$822))))+1))) -> 2 | K31: =IF(ISNUMBER(SEARCH("World",'RawData'!C34)),"",'RawData'!H34) -> 120000 | L31: =IF(ISNUMBER(SEARCH("World",'RawData'!C34)),"",SUMIFS('RawData'!H:H,'RawData'!B:B,'RawData'!B34,'RawData'!C:C,"*World*")) -> 0 | M31: =IF(ISNUMBER(SEARCH("World",'RawData'!C34)),"",IFERROR(K31/L31,"-")) -> - | N31: =IF(ISNUMBER(SEARCH("World",'RawData'!C34)),"",IF(ISNUMBER(SEARCH("Other",C31)),COUNTIFS('RawData'!B:B,B31,'RawData'!C:C,"<>*World*"),IF(OR(K31="",K31=0),"-",SUMPRODUCT(('RawData'!B$2:B$822=B31)*('RawData'!H$2:H$822>K31)*(ISERROR(SEARCH("World",'RawData'!C$2:C$822)))*(ISERROR(SEARCH("Other",'RawData'!C$2:C$822))))+1))) -> 1
A32: =IF(ISNUMBER(SEARCH("World",'RawData'!C35)),"",'RawData'!A35) -> MCS2026 | B32: =IF(ISNUMBER(SEARCH("World",'RawData'!C35)),"",'RawData'!B35) -> Barite | C32: =IF(ISNUMBER(SEARCH("World",'RawData'!C35)),"",'RawData'!C35) -> India | D32: =IF(ISNUMBER(SEARCH("World",'RawData'!C35)),"",'RawData'!D35) -> Mine production, barite, estimated | E32: =IF(ISNUMBER(SEARCH("World",'RawData'!C35)),"",IF('RawData'!E35="WT001","kg",IF('RawData'!E35="WT002","ton",IF('RawData'!E35="WT003","k ton","")))) -> k ton | F32: =IF(ISNUMBER(SEARCH("World",'RawData'!C35)),"",'RawData'!F35) -> 2600 | G32: =IF(ISNUMBER(SEARCH("World",'RawData'!C35)),"",'RawData'!G35) -> 3000 | H32: =IF(ISNUMBER(SEARCH("World",'RawData'!C35)),"",SUMIFS('RawData'!G:G,'RawData'!B:B,'RawData'!B35,'RawData'!C:C,"*World*")) -> 8700 | I32: =IF(ISNUMBER(SEARCH("World",'RawData'!C35)),"",IFERROR(G32/H32,"-")) -> 0.34482759 | J32: =IF(ISNUMBER(SEARCH("World",'RawData'!C35)),"",IF(ISNUMBER(SEARCH("Other",C32)),COUNTIFS('RawData'!B:B,B32,'RawData'!C:C,"<>*World*"),IF(OR(G32="",G32=0),"-",SUMPRODUCT(('RawData'!B$2:B$822=B32)*('RawData'!G$2:G$822>G32)*(ISERROR(SEARCH("World",'RawData'!C$2:C$822)))*(ISERROR(SEARCH("Other",'RawData'!C$2:C$822))))+1))) -> 1 | K32: =IF(ISNUMBER(SEARCH("World",'RawData'!C35)),"",'RawData'!H35) -> 51000 | L32: =IF(ISNUMBER(SEARCH("World",'RawData'!C35)),"",SUMIFS('RawData'!H:H,'RawData'!B:B,'RawData'!B35,'RawData'!C:C,"*World*")) -> 0 | M32: =IF(ISNUMBER(SEARCH("World",'RawData'!C35)),"",IFERROR(K32/L32,"-")) -> - | N32: =IF(ISNUMBER(SEARCH("World",'RawData'!C35)),"",IF(ISNUMBER(SEARCH("Other",C32)),COUNTIFS('RawData'!B:B,B32,'RawData'!C:C,"<>*World*"),IF(OR(K32="",K32=0),"-",SUMPRODUCT(('RawData'!B$2:B$822=B32)*('RawData'!H$2:H$822>K32)*(ISERROR(SEARCH("World",'RawData'!C$2:C$822)))*(ISERROR(SEARCH("Other",'RawData'!C$2:C$822))))+1))) -> 4
A33: =IF(ISNUMBER(SEARCH("World",'RawData'!C36)),"",'RawData'!A36) -> MCS2026 | B33: =IF(ISNUMBER(SEARCH("World",'RawData'!C36)),"",'RawData'!B36) -> Barite | C33: =IF(ISNUMBER(SEARCH("World",'RawData'!C36)),"",'RawData'!C36) -> Iran | D33: =IF(ISNUMBER(SEARCH("World",'RawData'!C36)),"",'RawData'!D36) -> Mine production, barite, estimated | E33: =IF(ISNUMBER(SEARCH("World",'RawData'!C36)),"",IF('RawData'!E36="WT001","kg",IF('RawData'!E36="WT002","ton",IF('RawData'!E36="WT003","k ton","")))) -> k ton | F33: =IF(ISNUMBER(SEARCH("World",'RawData'!C36)),"",'RawData'!F36) -> 300 | G33: =IF(ISNUMBER(SEARCH("World",'RawData'!C36)),"",'RawData'!G36) -> 300 | H33: =IF(ISNUMBER(SEARCH("World",'RawData'!C36)),"",SUMIFS('RawData'!G:G,'RawData'!B:B,'RawData'!B36,'RawData'!C:C,"*World*")) -> 8700 | I33: =IF(ISNUMBER(SEARCH("World",'RawData'!C36)),"",IFERROR(G33/H33,"-")) -> 0.034482759 | J33: =IF(ISNUMBER(SEARCH("World",'RawData'!C36)),"",IF(ISNUMBER(SEARCH("Other",C33)),COUNTIFS('RawData'!B:B,B33,'RawData'!C:C,"<>*World*"),IF(OR(G33="",G33=0),"-",SUMPRODUCT(('RawData'!B$2:B$822=B33)*('RawData'!G$2:G$822>G33)*(ISERROR(SEARCH("World",'RawData'!C$2:C$822)))*(ISERROR(SEARCH("Other",'RawData'!C$2:C$822))))+1))) -> 5 | K33: =IF(ISNUMBER(SEARCH("World",'RawData'!C36)),"",'RawData'!H36) -> 100000 | L33: =IF(ISNUMBER(SEARCH("World",'RawData'!C36)),"",SUMIFS('RawData'!H:H,'RawData'!B:B,'RawData'!B36,'RawData'!C:C,"*World*")) -> 0 | M33: =IF(ISNUMBER(SEARCH("World",'RawData'!C36)),"",IFERROR(K33/L33,"-")) -> - | N33: =IF(ISNUMBER(SEARCH("World",'RawData'!C36)),"",IF(ISNUMBER(SEARCH("Other",C33)),COUNTIFS('RawData'!B:B,B33,'RawData'!C:C,"<>*World*"),IF(OR(K33="",K33=0),"-",SUMPRODUCT(('RawData'!B$2:B$822=B33)*('RawData'!H$2:H$822>K33)*(ISERROR(SEARCH("World",'RawData'!C$2:C$822)))*(ISERROR(SEARCH("Other",'RawData'!C$2:C$822))))+1))) -> 2
A34: =IF(ISNUMBER(SEARCH("World",'RawData'!C37)),"",'RawData'!A37) -> MCS2026 | B34: =IF(ISNUMBER(SEARCH("World",'RawData'!C37)),"",'RawData'!B37) -> Barite | C34: =IF(ISNUMBER(SEARCH("World",'RawData'!C37)),"",'RawData'!C37) -> Kazakhstan | D34: =IF(ISNUMBER(SEARCH("World",'RawData'!C37)),"",'RawData'!D37) -> Mine production, barite, estimated | E34: =IF(ISNUMBER(SEARCH("World",'RawData'!C37)),"",IF('RawData'!E37="WT001","kg",IF('RawData'!E37="WT002","ton",IF('RawData'!E37="WT003","k ton","")))) -> k ton | F34: =IF(ISNUMBER(SEARCH("World",'RawData'!C37)),"",'RawData'!F37) -> 650 | G34: =IF(ISNUMBER(SEARCH("World",'RawData'!C37)),"",'RawData'!G37) -> 700 | H34: =IF(ISNUMBER(SEARCH("World",'RawData'!C37)),"",SUMIFS('RawData'!G:G,'RawData'!B:B,'RawData'!B37,'RawData'!C:C,"*World*")) -> 8700 | I34: =IF(ISNUMBER(SEARCH("World",'RawData'!C37)),"",IFERROR(G34/H34,"-")) -> 0.08045977 | J34: =IF(ISNUMBER(SEARCH("World",'RawData'!C37)),"",IF(ISNUMBER(SEARCH("Other",C34)),COUNTIFS('RawData'!B:B,B34,'RawData'!C:C,"<>*World*"),IF(OR(G34="",G34=0),"-",SUMPRODUCT(('RawData'!B$2:B$822=B34)*('RawData'!G$2:G$822>G34)*(ISERROR(SEARCH("World",'RawData'!C$2:C$822)))*(ISERROR(SEARCH("Other",'RawData'!C$2:C$822))))+1))) -> 4 | K34: =IF(ISNUMBER(SEARCH("World",'RawData'!C37)),"",'RawData'!H37) -> 85000 | L34: =IF(ISNUMBER(SEARCH("World",'RawData'!C37)),"",SUMIFS('RawData'!H:H,'RawData'!B:B,'RawData'!B37,'RawData'!C:C,"*World*")) -> 0 | M34: =IF(ISNUMBER(SEARCH("World",'RawData'!C37)),"",IFERROR(K34/L34,"-")) -> - | N34: =IF(ISNUMBER(SEARCH("World",'RawData'!C37)),"",IF(ISNUMBER(SEARCH("Other",C34)),COUNTIFS('RawData'!B:B,B34,'RawData'!C:C,"<>*World*"),IF(OR(K34="",K34=0),"-",SUMPRODUCT(('RawData'!B$2:B$822=B34)*('RawData'!H$2:H$822>K34)*(ISERROR(SEARCH("World",'RawData'!C$2:C$822)))*(ISERROR(SEARCH("Other",'RawData'!C$2:C$822))))+1))) -> 3
A35: =IF(ISNUMBER(SEARCH("World",'RawData'!C38)),"",'RawData'!A38) -> MCS2026 | B35: =IF(ISNUMBER(SEARCH("World",'RawData'!C38)),"",'RawData'!B38) -> Barite | C35: =IF(ISNUMBER(SEARCH("World",'RawData'!C38)),"",'RawData'!C38) -> Laos | D35: =IF(ISNUMBER(SEARCH("World",'RawData'!C38)),"",'RawData'!D38) -> Mine production, barite, estimated | E35: =IF(ISNUMBER(SEARCH("World",'RawData'!C38)),"",IF('RawData'!E38="WT001","kg",IF('RawData'!E38="WT002","ton",IF('RawData'!E38="WT003","k ton","")))) -> k ton | F35: =IF(ISNUMBER(SEARCH("World",'RawData'!C38)),"",'RawData'!F38) -> 250 | G35: =IF(ISNUMBER(SEARCH("World",'RawData'!C38)),"",'RawData'!G38) -> 260 | H35: =IF(ISNUMBER(SEARCH("World",'RawData'!C38)),"",SUMIFS('RawData'!G:G,'RawData'!B:B,'RawData'!B38,'RawData'!C:C,"*World*")) -> 8700 | I35: =IF(ISNUMBER(SEARCH("World",'RawData'!C38)),"",IFERROR(G35/H35,"-")) -> 0.029885057 | J35: =IF(ISNUMBER(SEARCH("World",'RawData'!C38)),"",IF(ISNUMBER(SEARCH("Other",C35)),COUNTIFS('RawData'!B:B,B35,'RawData'!C:C,"<>*World*"),IF(OR(G35="",G35=0),"-",SUMPRODUCT(('RawData'!B$2:B$822=B35)*('RawData'!G$2:G$822>G35)*(ISERROR(SEARCH("World",'RawData'!C$2:C$822)))*(ISERROR(SEARCH("Other",'RawData'!C$2:C$822))))+1))) -> 7 | K35: =IF(ISNUMBER(SEARCH("World",'RawData'!C38)),"",'RawData'!H38) -> 0 | L35: =IF(ISNUMBER(SEARCH("World",'RawData'!C38)),"",SUMIFS('RawData'!H:H,'RawData'!B:B,'RawData'!B38,'RawData'!C:C,"*World*")) -> 0 | M35: =IF(ISNUMBER(SEARCH("World",'RawData'!C38)),"",IFERROR(K35/L35,"-")) -> - | N35: =IF(ISNUMBER(SEARCH("World",'RawData'!C38)),"",IF(ISNUMBER(SEARCH("Other",C35)),COUNTIFS('RawData'!B:B,B35,'RawData'!C:C,"<>*World*"),IF(OR(K35="",K35=0),"-",SUMPRODUCT(('RawData'!B$2:B$822=B35)*('RawData'!H$2:H$822>K35)*(ISERROR(SEARCH("World",'RawData'!C$2:C$822)))*(ISERROR(SEARCH("Other",'RawData'!C$2:C$822))))+1))) -> -
A36: =IF(ISNUMBER(SEARCH("World",'RawData'!C39)),"",'RawData'!A39) -> MCS2026 | B36: =IF(ISNUMBER(SEARCH("World",'RawData'!C39)),"",'RawData'!B39) -> Barite | C36: =IF(ISNUMBER(SEARCH("World",'RawData'!C39)),"",'RawData'!C39) -> Mexico | D36: =IF(ISNUMBER(SEARCH("World",'RawData'!C39)),"",'RawData'!D39) -> Mine production, barite, estimated | E36: =IF(ISNUMBER(SEARCH("World",'RawData'!C39)),"",IF('RawData'!E39="WT001","kg",IF('RawData'!E39="WT002","ton",IF('RawData'!E39="WT003","k ton","")))) -> k ton | F36: =IF(ISNUMBER(SEARCH("World",'RawData'!C39)),"",'RawData'!F39) -> 244 | G36: =IF(ISNUMBER(SEARCH("World",'RawData'!C39)),"",'RawData'!G39) -> 300 | H36: =IF(ISNUMBER(SEARCH("World",'RawData'!C39)),"",SUMIFS('RawData'!G:G,'RawData'!B:B,'RawData'!B39,'RawData'!C:C,"*World*")) -> 8700 | I36: =IF(ISNUMBER(SEARCH("World",'RawData'!C39)),"",IFERROR(G36/H36,"-")) -> 0.034482759 | J36: =IF(ISNUMBER(SEARCH("World",'RawData'!C39)),"",IF(ISNUMBER(SEARCH("Other",C36)),COUNTIFS('RawData'!B:B,B36,'RawData'!C:C,"<>*World*"),IF(OR(G36="",G36=0),"-",SUMPRODUCT(('RawData'!B$2:B$822=B36)*('RawData'!G$2:G$822>G36)*(ISERROR(SEARCH("World",'RawData'!C$2:C$822)))*(ISERROR(SEARCH("Other",'RawData'!C$2:C$822))))+1))) -> 5 | K36: =IF(ISNUMBER(SEARCH("World",'RawData'!C39)),"",'RawData'!H39) -> 0 | L36: =IF(ISNUMBER(SEARCH("World",'RawData'!C39)),"",SUMIFS('RawData'!H:H,'RawData'!B:B,'RawData'!B39,'RawData'!C:C,"*World*")) -> 0 | M36: =IF(ISNUMBER(SEARCH("World",'RawData'!C39)),"",IFERROR(K36/L36,"-")) -> - | N36: =IF(ISNUMBER(SEARCH("World",'RawData'!C39)),"",IF(ISNUMBER(SEARCH("Other",C36)),COUNTIFS('RawData'!B:B,B36,'RawData'!C:C,"<>*World*"),IF(OR(K36="",K36=0),"-",SUMPRODUCT(('RawData'!B$2:B$822=B36)*('RawData'!H$2:H$822>K36)*(ISERROR(SEARCH("World",'RawData'!C$2:C$822)))*(ISERROR(SEARCH("Other",'RawData'!C$2:C$822))))+1))) -> -
A37: =IF(ISNUMBER(SEARCH("World",'RawData'!C40)),"",'RawData'!A40) -> MCS2026 | B37: =IF(ISNUMBER(SEARCH("World",'RawData'!C40)),"",'RawData'!B40) -> Barite | C37: =IF(ISNUMBER(SEARCH("World",'RawData'!C40)),"",'RawData'!C40) -> Morocco | D37: =IF(ISNUMBER(SEARCH("World",'RawData'!C40)),"",'RawData'!D40) -> Mine production, barite, estimated | E37: =IF(ISNUMBER(SEARCH("World",'RawData'!C40)),"",IF('RawData'!E40="WT001","kg",IF('RawData'!E40="WT002","ton",IF('RawData'!E40="WT003","k ton","")))) -> k ton | F37: =IF(ISNUMBER(SEARCH("World",'RawData'!C40)),"",'RawData'!F40) -> 930 | G37: =IF(ISNUMBER(SEARCH("World",'RawData'!C40)),"",'RawData'!G40) -> 1000 | H37: =IF(ISNUMBER(SEARCH("World",'RawData'!C40)),"",SUMIFS('RawData'!G:G,'RawData'!B:B,'RawData'!B40,'RawData'!C:C,"*World*")) -> 8700 | I37: =IF(ISNUMBER(SEARCH("World",'RawData'!C40)),"",IFERROR(G37/H37,"-")) -> 0.11494253 | J37: =IF(ISNUMBER(SEARCH("World",'RawData'!C40)),"",IF(ISNUMBER(SEARCH("Other",C37)),COUNTIFS('RawData'!B:B,B37,'RawData'!C:C,"<>*World*"),IF(OR(G37="",G37=0),"-",SUMPRODUCT(('RawData'!B$2:B$822=B37)*('RawData'!G$2:G$822>G37)*(ISERROR(SEARCH("World",'RawData'!C$2:C$822)))*(ISERROR(SEARCH("Other",'RawData'!C$2:C$822))))+1))) -> 3 | K37: =IF(ISNUMBER(SEARCH("World",'RawData'!C40)),"",'RawData'!H40) -> 0 | L37: =IF(ISNUMBER(SEARCH("World",'RawData'!C40)),"",SUMIFS('RawData'!H:H,'RawData'!B:B,'RawData'!B40,'RawData'!C:C,"*World*")) -> 0 | M37: =IF(ISNUMBER(SEARCH("World",'RawData'!C40)),"",IFERROR(K37/L37,"-")) -> - | N37: =IF(ISNUMBER(SEARCH("World",'RawData'!C40)),"",IF(ISNUMBER(SEARCH("Other",C37)),COUNTIFS('RawData'!B:B,B37,'RawData'!C:C,"<>*World*"),IF(OR(K37="",K37=0),"-",SUMPRODUCT(('RawData'!B$2:B$822=B37)*('RawData'!H$2:H$822>K37)*(ISERROR(SEARCH("World",'RawData'!C$2:C$822)))*(ISERROR(SEARCH("Other",'RawData'!C$2:C$822))))+1))) -> -
A38: =IF(ISNUMBER(SEARCH("World",'RawData'!C41)),"",'RawData'!A41) -> MCS2026 | B38: =IF(ISNUMBER(SEARCH("World",'RawData'!C41)),"",'RawData'!B41) -> Barite | C38: =IF(ISNUMBER(SEARCH("World",'RawData'!C41)),"",'RawData'!C41) -> Other Countries | D38: =IF(ISNUMBER(SEARCH("World",'RawData'!C41)),"",'RawData'!D41) -> Mine production, barite, estimated | E38: =IF(ISNUMBER(SEARCH("World",'RawData'!C41)),"",IF('RawData'!E41="WT001","kg",IF('RawData'!E41="WT002","ton",IF('RawData'!E41="WT003","k ton","")))) -> k ton | F38: =IF(ISNUMBER(SEARCH("World",'RawData'!C41)),"",'RawData'!F41) -> 340 | G38: =IF(ISNUMBER(SEARCH("World",'RawData'!C41)),"",'RawData'!G41) -> 350 | H38: =IF(ISNUMBER(SEARCH("World",'RawData'!C41)),"",SUMIFS('RawData'!G:G,'RawData'!B:B,'RawData'!B41,'RawData'!C:C,"*World*")) -> 8700 | I38: =IF(ISNUMBER(SEARCH("World",'RawData'!C41)),"",IFERROR(G38/H38,"-")) -> 0.040229885 | J38: =IF(ISNUMBER(SEARCH("World",'RawData'!C41)),"",IF(ISNUMBER(SEARCH("Other",C38)),COUNTIFS('RawData'!B:B,B38,'RawData'!C:C,"<>*World*"),IF(OR(G38="",G38=0),"-",SUMPRODUCT(('RawData'!B$2:B$822=B38)*('RawData'!G$2:G$822>G38)*(ISERROR(SEARCH("World",'RawData'!C$2:C$822)))*(ISERROR(SEARCH("Other",'RawData'!C$2:C$822))))+1))) -> 12 | K38: =IF(ISNUMBER(SEARCH("World",'RawData'!C41)),"",'RawData'!H41) -> 0 | L38: =IF(ISNUMBER(SEARCH("World",'RawData'!C41)),"",SUMIFS('RawData'!H:H,'RawData'!B:B,'RawData'!B41,'RawData'!C:C,"*World*")) -> 0 | M38: =IF(ISNUMBER(SEARCH("World",'RawData'!C41)),"",IFERROR(K38/L38,"-")) -> - | N38: =IF(ISNUMBER(SEARCH("World",'RawData'!C41)),"",IF(ISNUMBER(SEARCH("Other",C38)),COUNTIFS('RawData'!B:B,B38,'RawData'!C:C,"<>*World*"),IF(OR(K38="",K38=0),"-",SUMPRODUCT(('RawData'!B$2:B$822=B38)*('RawData'!H$2:H$822>K38)*(ISERROR(SEARCH("World",'RawData'!C$2:C$822)))*(ISERROR(SEARCH("Other",'RawData'!C$2:C$822))))+1))) -> 12
A39: =IF(ISNUMBER(SEARCH("World",'RawData'!C42)),"",'RawData'!A42) -> MCS2026 | B39: =IF(ISNUMBER(SEARCH("World",'RawData'!C42)),"",'RawData'!B42) -> Barite | C39: =IF(ISNUMBER(SEARCH("World",'RawData'!C42)),"",'RawData'!C42) -> Pakistan | D39: =IF(ISNUMBER(SEARCH("World",'RawData'!C42)),"",'RawData'!D42) -> Mine production, barite, estimated | E39: =IF(ISNUMBER(SEARCH("World",'RawData'!C42)),"",IF('RawData'!E42="WT001","kg",IF('RawData'!E42="WT002","ton",IF('RawData'!E42="WT003","k ton","")))) -> k ton | F39: =IF(ISNUMBER(SEARCH("World",'RawData'!C42)),"",'RawData'!F42) -> 94 | G39: =IF(ISNUMBER(SEARCH("World",'RawData'!C42)),"",'RawData'!G42) -> 100 | H39: =IF(ISNUMBER(SEARCH("World",'RawData'!C42)),"",SUMIFS('RawData'!G:G,'RawData'!B:B,'RawData'!B42,'RawData'!C:C,"*World*")) -> 8700 | I39: =IF(ISNUMBER(SEARCH("World",'RawData'!C42)),"",IFERROR(G39/H39,"-")) -> 0.011494253 | J39: =IF(ISNUMBER(SEARCH("World",'RawData'!C42)),"",IF(ISNUMBER(SEARCH("Other",C39)),COUNTIFS('RawData'!B:B,B39,'RawData'!C:C,"<>*World*"),IF(OR(G39="",G39=0),"-",SUMPRODUCT(('RawData'!B$2:B$822=B39)*('RawData'!G$2:G$822>G39)*(ISERROR(SEARCH("World",'RawData'!C$2:C$822)))*(ISERROR(SEARCH("Other",'RawData'!C$2:C$822))))+1))) -> 10 | K39: =IF(ISNUMBER(SEARCH("World",'RawData'!C42)),"",'RawData'!H42) -> 0 | L39: =IF(ISNUMBER(SEARCH("World",'RawData'!C42)),"",SUMIFS('RawData'!H:H,'RawData'!B:B,'RawData'!B42,'RawData'!C:C,"*World*")) -> 0 | M39: =IF(ISNUMBER(SEARCH("World",'RawData'!C42)),"",IFERROR(K39/L39,"-")) -> - | N39: =IF(ISNUMBER(SEARCH("World",'RawData'!C42)),"",IF(ISNUMBER(SEARCH("Other",C39)),COUNTIFS('RawData'!B:B,B39,'RawData'!C:C,"<>*World*"),IF(OR(K39="",K39=0),"-",SUMPRODUCT(('RawData'!B$2:B$822=B39)*('RawData'!H$2:H$822>K39)*(ISERROR(SEARCH("World",'RawData'!C$2:C$822)))*(ISERROR(SEARCH("Other",'RawData'!C$2:C$822))))+1))) -> -
A40: =IF(ISNUMBER(SEARCH("World",'RawData'!C43)),"",'RawData'!A43) -> MCS2026 | B40: =IF(ISNUMBER(SEARCH("World",'RawData'!C43)),"",'RawData'!B43) -> Barite | C40: =IF(ISNUMBER(SEARCH("World",'RawData'!C43)),"",'RawData'!C43) -> Turkiye | D40: =IF(ISNUMBER(SEARCH("World",'RawData'!C43)),"",'RawData'!D43) -> Mine production, barite, estimated | E40: =IF(ISNUMBER(SEARCH("World",'RawData'!C43)),"",IF('RawData'!E43="WT001","kg",IF('RawData'!E43="WT002","ton",IF('RawData'!E43="WT003","k ton","")))) -> k ton | F40: =IF(ISNUMBER(SEARCH("World",'RawData'!C43)),"",'RawData'!F43) -> 261 | G40: =IF(ISNUMBER(SEARCH("World",'RawData'!C43)),"",'RawData'!G43) -> 260 | H40: =IF(ISNUMBER(SEARCH("World",'RawData'!C43)),"",SUMIFS('RawData'!G:G,'RawData'!B:B,'RawData'!B43,'RawData'!C:C,"*World*")) -> 8700 | I40: =IF(ISNUMBER(SEARCH("World",'RawData'!C43)),"",IFERROR(G40/H40,"-")) -> 0.029885057 | J40: =IF(ISNUMBER(SEARCH("World",'RawData'!C43)),"",IF(ISNUMBER(SEARCH("Other",C40)),COUNTIFS('RawData'!B:B,B40,'RawData'!C:C,"<>*World*"),IF(OR(G40="",G40=0),"-",SUMPRODUCT(('RawData'!B$2:B$822=B40)*('RawData'!G$2:G$822>G40)*(ISERROR(SEARCH("World",'RawData'!C$2:C$822)))*(ISERROR(SEARCH("Other",'RawData'!C$2:C$822))))+1))) -> 7 | K40: =IF(ISNUMBER(SEARCH("World",'RawData'!C43)),"",'RawData'!H43) -> 34000 | L40: =IF(ISNUMBER(SEARCH("World",'RawData'!C43)),"",SUMIFS('RawData'!H:H,'RawData'!B:B,'RawData'!B43,'RawData'!C:C,"*World*")) -> 0 | M40: =IF(ISNUMBER(SEARCH("World",'RawData'!C43)),"",IFERROR(K40/L40,"-")) -> - | N40: =IF(ISNUMBER(SEARCH("World",'RawData'!C43)),"",IF(ISNUMBER(SEARCH("Other",C40)),COUNTIFS('RawData'!B:B,B40,'RawData'!C:C,"<>*World*"),IF(OR(K40="",K40=0),"-",SUMPRODUCT(('RawData'!B$2:B$822=B40)*('RawData'!H$2:H$822>K40)*(ISERROR(SEARCH("World",'RawData'!C$2:C$822)))*(ISERROR(SEARCH("Other",'RawData'!C$2:C$822))))+1))) -> 5
A41: =IF(ISNUMBER(SEARCH("World",'RawData'!C44)),"",'RawData'!A44) -> MCS2026 | B41: =IF(ISNUMBER(SEARCH("World",'RawData'!C44)),"",'RawData'!B44) -> Barite | C41: =IF(ISNUMBER(SEARCH("World",'RawData'!C44)),"",'RawData'!C44) -> Russia | D41: =IF(ISNUMBER(SEARCH("World",'RawData'!C44)),"",'RawData'!D44) -> Mine production, barite, estimated | E41: =IF(ISNUMBER(SEARCH("World",'RawData'!C44)),"",IF('RawData'!E44="WT001","kg",IF('RawData'!E44="WT002","ton",IF('RawData'!E44="WT003","k ton","")))) -> k ton | F41: =IF(ISNUMBER(SEARCH("World",'RawData'!C44)),"",'RawData'!F44) -> 200 | G41: =IF(ISNUMBER(SEARCH("World",'RawData'!C44)),"",'RawData'!G44) -> 230 | H41: =IF(ISNUMBER(SEARCH("World",'RawData'!C44)),"",SUMIFS('RawData'!G:G,'RawData'!B:B,'RawData'!B44,'RawData'!C:C,"*World*")) -> 8700 | I41: =IF(ISNUMBER(SEARCH("World",'RawData'!C44)),"",IFERROR(G41/H41,"-")) -> 0.026436782 | J41: =IF(ISNUMBER(SEARCH("World",'RawData'!C44)),"",IF(ISNUMBER(SEARCH("Other",C41)),COUNTIFS('RawData'!B:B,B41,'RawData'!C:C,"<>*World*"),IF(OR(G41="",G41=0),"-",SUMPRODUCT(('RawData'!B$2:B$822=B41)*('RawData'!G$2:G$822>G41)*(ISERROR(SEARCH("World",'RawData'!C$2:C$822)))*(ISERROR(SEARCH("Other",'RawData'!C$2:C$822))))+1))) -> 9 | K41: =IF(ISNUMBER(SEARCH("World",'RawData'!C44)),"",'RawData'!H44) -> 12000 | L41: =IF(ISNUMBER(SEARCH("World",'RawData'!C44)),"",SUMIFS('RawData'!H:H,'RawData'!B:B,'RawData'!B44,'RawData'!C:C,"*World*")) -> 0 | M41: =IF(ISNUMBER(SEARCH("World",'RawData'!C44)),"",IFERROR(K41/L41,"-")) -> - | N41: =IF(ISNUMBER(SEARCH("World",'RawData'!C44)),"",IF(ISNUMBER(SEARCH("Other",C41)),COUNTIFS('RawData'!B:B,B41,'RawData'!C:C,"<>*World*"),IF(OR(K41="",K41=0),"-",SUMPRODUCT(('RawData'!B$2:B$822=B41)*('RawData'!H$2:H$822>K41)*(ISERROR(SEARCH("World",'RawData'!C$2:C$822)))*(ISERROR(SEARCH("Other",'RawData'!C$2:C$822))))+1))) -> 6
A42: =IF(ISNUMBER(SEARCH("World",'RawData'!C45)),"",'RawData'!A45) -> MCS2026 | B42: =IF(ISNUMBER(SEARCH("World",'RawData'!C45)),"",'RawData'!B45) -> Barite | C42: =IF(ISNUMBER(SEARCH("World",'RawData'!C45)),"",'RawData'!C45) -> United States | D42: =IF(ISNUMBER(SEARCH("World",'RawData'!C45)),"",'RawData'!D45) -> Mine production, barite, estimated | E42: =IF(ISNUMBER(SEARCH("World",'RawData'!C45)),"",IF('RawData'!E45="WT001","kg",IF('RawData'!E45="WT002","ton",IF('RawData'!E45="WT003","k ton","")))) -> k ton | F42: =IF(ISNUMBER(SEARCH("World",'RawData'!C45)),"",'RawData'!F45) -> 0 | G42: =IF(ISNUMBER(SEARCH("World",'RawData'!C45)),"",'RawData'!G45) -> 0 | H42: =IF(ISNUMBER(SEARCH("World",'RawData'!C45)),"",SUMIFS('RawData'!G:G,'RawData'!B:B,'RawData'!B45,'RawData'!C:C,"*World*")) -> 8700 | I42: =IF(ISNUMBER(SEARCH("World",'RawData'!C45)),"",IFERROR(G42/H42,"-")) -> 0 | J42: =IF(ISNUMBER(SEARCH("World",'RawData'!C45)),"",IF(ISNUMBER(SEARCH("Other",C42)),COUNTIFS('RawData'!B:B,B42,'RawData'!C:C,"<>*World*"),IF(OR(G42="",G42=0),"-",SUMPRODUCT(('RawData'!B$2:B$822=B42)*('RawData'!G$2:G$822>G42)*(ISERROR(SEARCH("World",'RawData'!C$2:C$822)))*(ISERROR(SEARCH("Other",'RawData'!C$2:C$822))))+1))) -> - | K42: =IF(ISNUMBER(SEARCH("World",'RawData'!C45)),"",'RawData'!H45) -> 0 | L42: =IF(ISNUMBER(SEARCH("World",'RawData'!C45)),"",SUMIFS('RawData'!H:H,'RawData'!B:B,'RawData'!B45,'RawData'!C:C,"*World*")) -> 0 | M42: =IF(ISNUMBER(SEARCH("World",'RawData'!C45)),"",IFERROR(K42/L42,"-")) -> - | N42: =IF(ISNUMBER(SEARCH("World",'RawData'!C45)),"",IF(ISNUMBER(SEARCH("Other",C42)),COUNTIFS('RawData'!B:B,B42,'RawData'!C:C,"<>*World*"),IF(OR(K42="",K42=0),"-",SUMPRODUCT(('RawData'!B$2:B$822=B42)*('RawData'!H$2:H$822>K42)*(ISERROR(SEARCH("World",'RawData'!C$2:C$822)))*(ISERROR(SEARCH("Other",'RawData'!C$2:C$822))))+1))) -> -
A43: =IF(ISNUMBER(SEARCH("World",'RawData'!C47)),"",'RawData'!A47) -> MCS2026 | B43: =IF(ISNUMBER(SEARCH("World",'RawData'!C47)),"",'RawData'!B47) -> Bauxite | C43: =IF(ISNUMBER(SEARCH("World",'RawData'!C47)),"",'RawData'!C47) -> Australia | D43: =IF(ISNUMBER(SEARCH("World",'RawData'!C47)),"",'RawData'!D47) -> Mine production, bauxite, dry tons | E43: =IF(ISNUMBER(SEARCH("World",'RawData'!C47)),"",IF('RawData'!E47="WT001","kg",IF('RawData'!E47="WT002","ton",IF('RawData'!E47="WT003","k ton","")))) -> k ton | F43: =IF(ISNUMBER(SEARCH("World",'RawData'!C47)),"",'RawData'!F47) -> 100000 | G43: =IF(ISNUMBER(SEARCH("World",'RawData'!C47)),"",'RawData'!G47) -> 97000 | H43: =IF(ISNUMBER(SEARCH("World",'RawData'!C47)),"",SUMIFS('RawData'!G:G,'RawData'!B:B,'RawData'!B47,'RawData'!C:C,"*World*")) -> 440000 | I43: =IF(ISNUMBER(SEARCH("World",'RawData'!C47)),"",IFERROR(G43/H43,"-")) -> 0.22045455 | J43: =IF(ISNUMBER(SEARCH("World",'RawData'!C47)),"",IF(ISNUMBER(SEARCH("Other",C43)),COUNTIFS('RawData'!B:B,B43,'RawData'!C:C,"<>*World*"),IF(OR(G43="",G43=0),"-",SUMPRODUCT(('RawData'!B$2:B$822=B43)*('RawData'!G$2:G$822>G43)*(ISERROR(SEARCH("World",'RawData'!C$2:C$822)))*(ISERROR(SEARCH("Other",'RawData'!C$2:C$822))))+1))) -> 2 | K43: =IF(ISNUMBER(SEARCH("World",'RawData'!C47)),"",'RawData'!H47) -> 3700000 | L43: =IF(ISNUMBER(SEARCH("World",'RawData'!C47)),"",SUMIFS('RawData'!H:H,'RawData'!B:B,'RawData'!B47,'RawData'!C:C,"*World*")) -> 29000000 | M43: =IF(ISNUMBER(SEARCH("World",'RawData'!C47)),"",IFERROR(K43/L43,"-")) -> 0.12758621 | N43: =IF(ISNUMBER(SEARCH("World",'RawData'!C47)),"",IF(ISNUMBER(SEARCH("Other",C43)),COUNTIFS('RawData'!B:B,B43,'RawData'!C:C,"<>*World*"),IF(OR(K43="",K43=0),"-",SUMPRODUCT(('RawData'!B$2:B$822=B43)*('RawData'!H$2:H$822>K43)*(ISERROR(SEARCH("World",'RawData'!C$2:C$822)))*(ISERROR(SEARCH("Other",'RawData'!C$2:C$822))))+1))) -> 2
A44: =IF(ISNUMBER(SEARCH("World",'RawData'!C48)),"",'RawData'!A48) -> MCS2026 | B44: =IF(ISNUMBER(SEARCH("World",'RawData'!C48)),"",'RawData'!B48) -> Bauxite | C44: =IF(ISNUMBER(SEARCH("World",'RawData'!C48)),"",'RawData'!C48) -> Brazil | D44: =IF(ISNUMBER(SEARCH("World",'RawData'!C48)),"",'RawData'!D48) -> Mine production, bauxite, dry tons | E44: =IF(ISNUMBER(SEARCH("World",'RawData'!C48)),"",IF('RawData'!E48="WT001","kg",IF('RawData'!E48="WT002","ton",IF('RawData'!E48="WT003","k ton","")))) -> k ton | F44: =IF(ISNUMBER(SEARCH("World",'RawData'!C48)),"",'RawData'!F48) -> 33000 | G44: =IF(ISNUMBER(SEARCH("World",'RawData'!C48)),"",'RawData'!G48) -> 33000 | H44: =IF(ISNUMBER(SEARCH("World",'RawData'!C48)),"",SUMIFS('RawData'!G:G,'RawData'!B:B,'RawData'!B48,'RawData'!C:C,"*World*")) -> 440000 | I44: =IF(ISNUMBER(SEARCH("World",'RawData'!C48)),"",IFERROR(G44/H44,"-")) -> 0.075 | J44: =IF(ISNUMBER(SEARCH("World",'RawData'!C48)),"",IF(ISNUMBER(SEARCH("Other",C44)),COUNTIFS('RawData'!B:B,B44,'RawData'!C:C,"<>*World*"),IF(OR(G44="",G44=0),"-",SUMPRODUCT(('RawData'!B$2:B$822=B44)*('RawData'!G$2:G$822>G44)*(ISERROR(SEARCH("World",'RawData'!C$2:C$822)))*(ISERROR(SEARCH("Other",'RawData'!C$2:C$822))))+1))) -> 4 | K44: =IF(ISNUMBER(SEARCH("World",'RawData'!C48)),"",'RawData'!H48) -> 1700000 | L44: =IF(ISNUMBER(SEARCH("World",'RawData'!C48)),"",SUMIFS('RawData'!H:H,'RawData'!B:B,'RawData'!B48,'RawData'!C:C,"*World*")) -> 29000000 | M44: =IF(ISNUMBER(SEARCH("World",'RawData'!C48)),"",IFERROR(K44/L44,"-")) -> 0.05862069 | N44: =IF(ISNUMBER(SEARCH("World",'RawData'!C48)),"",IF(ISNUMBER(SEARCH("Other",C44)),COUNTIFS('RawData'!B:B,B44,'RawData'!C:C,"<>*World*"),IF(OR(K44="",K44=0),"-",SUMPRODUCT(('RawData'!B$2:B$822=B44)*('RawData'!H$2:H$822>K44)*(ISERROR(SEARCH("World",'RawData'!C$2:C$822)))*(ISERROR(SEARCH("Other",'RawData'!C$2:C$822))))+1))) -> 6
A45: =IF(ISNUMBER(SEARCH("World",'RawData'!C49)),"",'RawData'!A49) -> MCS2026 | B45: =IF(ISNUMBER(SEARCH("World",'RawData'!C49)),"",'RawData'!B49) -> Bauxite | C45: =IF(ISNUMBER(SEARCH("World",'RawData'!C49)),"",'RawData'!C49) -> Canada | D45: =IF(ISNUMBER(SEARCH("World",'RawData'!C49)),"",'RawData'!D49) -> Mine production, bauxite, dry tons | E45: =IF(ISNUMBER(SEARCH("World",'RawData'!C49)),"",IF('RawData'!E49="WT001","kg",IF('RawData'!E49="WT002","ton",IF('RawData'!E49="WT003","k ton","")))) -> k ton | F45: =IF(ISNUMBER(SEARCH("World",'RawData'!C49)),"",'RawData'!F49) -> 0 | G45: =IF(ISNUMBER(SEARCH("World",'RawData'!C49)),"",'RawData'!G49) -> 0 | H45: =IF(ISNUMBER(SEARCH("World",'RawData'!C49)),"",SUMIFS('RawData'!G:G,'RawData'!B:B,'RawData'!B49,'RawData'!C:C,"*World*")) -> 440000 | I45: =IF(ISNUMBER(SEARCH("World",'RawData'!C49)),"",IFERROR(G45/H45,"-")) -> 0 | J45: =IF(ISNUMBER(SEARCH("World",'RawData'!C49)),"",IF(ISNUMBER(SEARCH("Other",C45)),COUNTIFS('RawData'!B:B,B45,'RawData'!C:C,"<>*World*"),IF(OR(G45="",G45=0),"-",SUMPRODUCT(('RawData'!B$2:B$822=B45)*('RawData'!G$2:G$822>G45)*(ISERROR(SEARCH("World",'RawData'!C$2:C$822)))*(ISERROR(SEARCH("Other",'RawData'!C$2:C$822))))+1))) -> - | K45: =IF(ISNUMBER(SEARCH("World",'RawData'!C49)),"",'RawData'!H49) -> 0 | L45: =IF(ISNUMBER(SEARCH("World",'RawData'!C49)),"",SUMIFS('RawData'!H:H,'RawData'!B:B,'RawData'!B49,'RawData'!C:C,"*World*")) -> 29000000 | M45: =IF(ISNUMBER(SEARCH("World",'RawData'!C49)),"",IFERROR(K45/L45,"-")) -> 0 | N45: =IF(ISNUMBER(SEARCH("World",'RawData'!C49)),"",IF(ISNUMBER(SEARCH("Other",C45)),COUNTIFS('RawData'!B:B,B45,'RawData'!C:C,"<>*World*"),IF(OR(K45="",K45=0),"-",SUMPRODUCT(('RawData'!B$2:B$822=B45)*('RawData'!H$2:H$822>K45)*(ISERROR(SEARCH("World",'RawData'!C$2:C$822)))*(ISERROR(SEARCH("Other",'RawData'!C$2:C$822))))+1))) -> -
A46: =IF(ISNUMBER(SEARCH("World",'RawData'!C50)),"",'RawData'!A50) -> MCS2026 | B46: =IF(ISNUMBER(SEARCH("World",'RawData'!C50)),"",'RawData'!B50) -> Bauxite | C46: =IF(ISNUMBER(SEARCH("World",'RawData'!C50)),"",'RawData'!C50) -> China | D46: =IF(ISNUMBER(SEARCH("World",'RawData'!C50)),"",'RawData'!D50) -> Mine production, bauxite, dry tons | E46: =IF(ISNUMBER(SEARCH("World",'RawData'!C50)),"",IF('RawData'!E50="WT001","kg",IF('RawData'!E50="WT002","ton",IF('RawData'!E50="WT003","k ton","")))) -> k ton | F46: =IF(ISNUMBER(SEARCH("World",'RawData'!C50)),"",'RawData'!F50) -> 80500 | G46: =IF(ISNUMBER(SEARCH("World",'RawData'!C50)),"",'RawData'!G50) -> 87000 | H46: =IF(ISNUMBER(SEARCH("World",'RawData'!C50)),"",SUMIFS('RawData'!G:G,'RawData'!B:B,'RawData'!B50,'RawData'!C:C,"*World*")) -> 440000 | I46: =IF(ISNUMBER(SEARCH("World",'RawData'!C50)),"",IFERROR(G46/H46,"-")) -> 0.19772727 | J46: =IF(ISNUMBER(SEARCH("World",'RawData'!C50)),"",IF(ISNUMBER(SEARCH("Other",C46)),COUNTIFS('RawData'!B:B,B46,'RawData'!C:C,"<>*World*"),IF(OR(G46="",G46=0),"-",SUMPRODUCT(('RawData'!B$2:B$822=B46)*('RawData'!G$2:G$822>G46)*(ISERROR(SEARCH("World",'RawData'!C$2:C$822)))*(ISERROR(SEARCH("Other",'RawData'!C$2:C$822))))+1))) -> 3 | K46: =IF(ISNUMBER(SEARCH("World",'RawData'!C50)),"",'RawData'!H50) -> 710000 | L46: =IF(ISNUMBER(SEARCH("World",'RawData'!C50)),"",SUMIFS('RawData'!H:H,'RawData'!B:B,'RawData'!B50,'RawData'!C:C,"*World*")) -> 29000000 | M46: =IF(ISNUMBER(SEARCH("World",'RawData'!C50)),"",IFERROR(K46/L46,"-")) -> 0.024482759 | N46: =IF(ISNUMBER(SEARCH("World",'RawData'!C50)),"",IF(ISNUMBER(SEARCH("Other",C46)),COUNTIFS('RawData'!B:B,B46,'RawData'!C:C,"<>*World*"),IF(OR(K46="",K46=0),"-",SUMPRODUCT(('RawData'!B$2:B$822=B46)*('RawData'!H$2:H$822>K46)*(ISERROR(SEARCH("World",'RawData'!C$2:C$822)))*(ISERROR(SEARCH("Other",'RawData'!C$2:C$822))))+1))) -> 7
A47: =IF(ISNUMBER(SEARCH("World",'RawData'!C51)),"",'RawData'!A51) -> MCS2026 | B47: =IF(ISNUMBER(SEARCH("World",'RawData'!C51)),"",'RawData'!B51) -> Bauxite | C47: =IF(ISNUMBER(SEARCH("World",'RawData'!C51)),"",'RawData'!C51) -> Germany | D47: =IF(ISNUMBER(SEARCH("World",'RawData'!C51)),"",'RawData'!D51) -> Mine production, bauxite, dry tons | E47: =IF(ISNUMBER(SEARCH("World",'RawData'!C51)),"",IF('RawData'!E51="WT001","kg",IF('RawData'!E51="WT002","ton",IF('RawData'!E51="WT003","k ton","")))) -> k ton | F47: =IF(ISNUMBER(SEARCH("World",'RawData'!C51)),"",'RawData'!F51) -> 0 | G47: =IF(ISNUMBER(SEARCH("World",'RawData'!C51)),"",'RawData'!G51) -> 0 | H47: =IF(ISNUMBER(SEARCH("World",'RawData'!C51)),"",SUMIFS('RawData'!G:G,'RawData'!B:B,'RawData'!B51,'RawData'!C:C,"*World*")) -> 440000 | I47: =IF(ISNUMBER(SEARCH("World",'RawData'!C51)),"",IFERROR(G47/H47,"-")) -> 0 | J47: =IF(ISNUMBER(SEARCH("World",'RawData'!C51)),"",IF(ISNUMBER(SEARCH("Other",C47)),COUNTIFS('RawData'!B:B,B47,'RawData'!C:C,"<>*World*"),IF(OR(G47="",G47=0),"-",SUMPRODUCT(('RawData'!B$2:B$822=B47)*('RawData'!G$2:G$822>G47)*(ISERROR(SEARCH("World",'RawData'!C$2:C$822)))*(ISERROR(SEARCH("Other",'RawData'!C$2:C$822))))+1))) -> - | K47: =IF(ISNUMBER(SEARCH("World",'RawData'!C51)),"",'RawData'!H51) -> 0 | L47: =IF(ISNUMBER(SEARCH("World",'RawData'!C51)),"",SUMIFS('RawData'!H:H,'RawData'!B:B,'RawData'!B51,'RawData'!C:C,"*World*")) -> 29000000 | M47: =IF(ISNUMBER(SEARCH("World",'RawData'!C51)),"",IFERROR(K47/L47,"-")) -> 0 | N47: =IF(ISNUMBER(SEARCH("World",'RawData'!C51)),"",IF(ISNUMBER(SEARCH("Other",C47)),COUNTIFS('RawData'!B:B,B47,'RawData'!C:C,"<>*World*"),IF(OR(K47="",K47=0),"-",SUMPRODUCT(('RawData'!B$2:B$822=B47)*('RawData'!H$2:H$822>K47)*(ISERROR(SEARCH("World",'RawData'!C$2:C$822)))*(ISERROR(SEARCH("Other",'RawData'!C$2:C$822))))+1))) -> -
A48: =IF(ISNUMBER(SEARCH("World",'RawData'!C52)),"",'RawData'!A52) -> MCS2026 | B48: =IF(ISNUMBER(SEARCH("World",'RawData'!C52)),"",'RawData'!B52) -> Bauxite | C48: =IF(ISNUMBER(SEARCH("World",'RawData'!C52)),"",'RawData'!C52) -> Greece | D48: =IF(ISNUMBER(SEARCH("World",'RawData'!C52)),"",'RawData'!D52) -> Mine production, bauxite, dry tons | E48: =IF(ISNUMBER(SEARCH("World",'RawData'!C52)),"",IF('RawData'!E52="WT001","kg",IF('RawData'!E52="WT002","ton",IF('RawData'!E52="WT003","k ton","")))) -> k ton | F48: =IF(ISNUMBER(SEARCH("World",'RawData'!C52)),"",'RawData'!F52) -> 970 | G48: =IF(ISNUMBER(SEARCH("World",'RawData'!C52)),"",'RawData'!G52) -> 960 | H48: =IF(ISNUMBER(SEARCH("World",'RawData'!C52)),"",SUMIFS('RawData'!G:G,'RawData'!B:B,'RawData'!B52,'RawData'!C:C,"*World*")) -> 440000 | I48: =IF(ISNUMBER(SEARCH("World",'RawData'!C52)),"",IFERROR(G48/H48,"-")) -> 0.0021818182 | J48: =IF(ISNUMBER(SEARCH("World",'RawData'!C52)),"",IF(ISNUMBER(SEARCH("Other",C48)),COUNTIFS('RawData'!B:B,B48,'RawData'!C:C,"<>*World*"),IF(OR(G48="",G48=0),"-",SUMPRODUCT(('RawData'!B$2:B$822=B48)*('RawData'!G$2:G$822>G48)*(ISERROR(SEARCH("World",'RawData'!C$2:C$822)))*(ISERROR(SEARCH("Other",'RawData'!C$2:C$822))))+1))) -> 13 | K48: =IF(ISNUMBER(SEARCH("World",'RawData'!C52)),"",'RawData'!H52) -> 0 | L48: =IF(ISNUMBER(SEARCH("World",'RawData'!C52)),"",SUMIFS('RawData'!H:H,'RawData'!B:B,'RawData'!B52,'RawData'!C:C,"*World*")) -> 29000000 | M48: =IF(ISNUMBER(SEARCH("World",'RawData'!C52)),"",IFERROR(K48/L48,"-")) -> 0 | N48: =IF(ISNUMBER(SEARCH("World",'RawData'!C52)),"",IF(ISNUMBER(SEARCH("Other",C48)),COUNTIFS('RawData'!B:B,B48,'RawData'!C:C,"<>*World*"),IF(OR(K48="",K48=0),"-",SUMPRODUCT(('RawData'!B$2:B$822=B48)*('RawData'!H$2:H$822>K48)*(ISERROR(SEARCH("World",'RawData'!C$2:C$822)))*(ISERROR(SEARCH("Other",'RawData'!C$2:C$822))))+1))) -> -
A49: =IF(ISNUMBER(SEARCH("World",'RawData'!C53)),"",'RawData'!A53) -> MCS2026 | B49: =IF(ISNUMBER(SEARCH("World",'RawData'!C53)),"",'RawData'!B53) -> Bauxite | C49: =IF(ISNUMBER(SEARCH("World",'RawData'!C53)),"",'RawData'!C53) -> Guinea | D49: =IF(ISNUMBER(SEARCH("World",'RawData'!C53)),"",'RawData'!D53) -> Mine production, bauxite, dry tons | E49: =IF(ISNUMBER(SEARCH("World",'RawData'!C53)),"",IF('RawData'!E53="WT001","kg",IF('RawData'!E53="WT002","ton",IF('RawData'!E53="WT003","k ton","")))) -> k ton | F49: =IF(ISNUMBER(SEARCH("World",'RawData'!C53)),"",'RawData'!F53) -> 142000 | G49: =IF(ISNUMBER(SEARCH("World",'RawData'!C53)),"",'RawData'!G53) -> 150000 | H49: =IF(ISNUMBER(SEARCH("World",'RawData'!C53)),"",SUMIFS('RawData'!G:G,'RawData'!B:B,'RawData'!B53,'RawData'!C:C,"*World*")) -> 440000 | I49: =IF(ISNUMBER(SEARCH("World",'RawData'!C53)),"",IFERROR(G49/H49,"-")) -> 0.34090909 | J49: =IF(ISNUMBER(SEARCH("World",'RawData'!C53)),"",IF(ISNUMBER(SEARCH("Other",C49)),COUNTIFS('RawData'!B:B,B49,'RawData'!C:C,"<>*World*"),IF(OR(G49="",G49=0),"-",SUMPRODUCT(('RawData'!B$2:B$822=B49)*('RawData'!G$2:G$822>G49)*(ISERROR(SEARCH("World",'RawData'!C$2:C$822)))*(ISERROR(SEARCH("Other",'RawData'!C$2:C$822))))+1))) -> 1 | K49: =IF(ISNUMBER(SEARCH("World",'RawData'!C53)),"",'RawData'!H53) -> 7400000 | L49: =IF(ISNUMBER(SEARCH("World",'RawData'!C53)),"",SUMIFS('RawData'!H:H,'RawData'!B:B,'RawData'!B53,'RawData'!C:C,"*World*")) -> 29000000 | M49: =IF(ISNUMBER(SEARCH("World",'RawData'!C53)),"",IFERROR(K49/L49,"-")) -> 0.25517241 | N49: =IF(ISNUMBER(SEARCH("World",'RawData'!C53)),"",IF(ISNUMBER(SEARCH("Other",C49)),COUNTIFS('RawData'!B:B,B49,'RawData'!C:C,"<>*World*"),IF(OR(K49="",K49=0),"-",SUMPRODUCT(('RawData'!B$2:B$822=B49)*('RawData'!H$2:H$822>K49)*(ISERROR(SEARCH("World",'RawData'!C$2:C$822)))*(ISERROR(SEARCH("Other",'RawData'!C$2:C$822))))+1))) -> 1
A50: =IF(ISNUMBER(SEARCH("World",'RawData'!C54)),"",'RawData'!A54) -> MCS2026 | B50: =IF(ISNUMBER(SEARCH("World",'RawData'!C54)),"",'RawData'!B54) -> Bauxite | C50: =IF(ISNUMBER(SEARCH("World",'RawData'!C54)),"",'RawData'!C54) -> India | D50: =IF(ISNUMBER(SEARCH("World",'RawData'!C54)),"",'RawData'!D54) -> Mine production, bauxite, dry tons | E50: =IF(ISNUMBER(SEARCH("World",'RawData'!C54)),"",IF('RawData'!E54="WT001","kg",IF('RawData'!E54="WT002","ton",IF('RawData'!E54="WT003","k ton","")))) -> k ton | F50: =IF(ISNUMBER(SEARCH("World",'RawData'!C54)),"",'RawData'!F54) -> 25000 | G50: =IF(ISNUMBER(SEARCH("World",'RawData'!C54)),"",'RawData'!G54) -> 25000 | H50: =IF(ISNUMBER(SEARCH("World",'RawData'!C54)),"",SUMIFS('RawData'!G:G,'RawData'!B:B,'RawData'!B54,'RawData'!C:C,"*World*")) -> 440000 | I50: =IF(ISNUMBER(SEARCH("World",'RawData'!C54)),"",IFERROR(G50/H50,"-")) -> 0.056818182 | J50: =IF(ISNUMBER(SEARCH("World",'RawData'!C54)),"",IF(ISNUMBER(SEARCH("Other",C50)),COUNTIFS('RawData'!B:B,B50,'RawData'!C:C,"<>*World*"),IF(OR(G50="",G50=0),"-",SUMPRODUCT(('RawData'!B$2:B$822=B50)*('RawData'!G$2:G$822>G50)*(ISERROR(SEARCH("World",'RawData'!C$2:C$822)))*(ISERROR(SEARCH("Other",'RawData'!C$2:C$822))))+1))) -> 5 | K50: =IF(ISNUMBER(SEARCH("World",'RawData'!C54)),"",'RawData'!H54) -> 650000 | L50: =IF(ISNUMBER(SEARCH("World",'RawData'!C54)),"",SUMIFS('RawData'!H:H,'RawData'!B:B,'RawData'!B54,'RawData'!C:C,"*World*")) -> 29000000 | M50: =IF(ISNUMBER(SEARCH("World",'RawData'!C54)),"",IFERROR(K50/L50,"-")) -> 0.022413793 | N50: =IF(ISNUMBER(SEARCH("World",'RawData'!C54)),"",IF(ISNUMBER(SEARCH("Other",C50)),COUNTIFS('RawData'!B:B,B50,'RawData'!C:C,"<>*World*"),IF(OR(K50="",K50=0),"-",SUMPRODUCT(('RawData'!B$2:B$822=B50)*('RawData'!H$2:H$822>K50)*(ISERROR(SEARCH("World",'RawData'!C$2:C$822)))*(ISERROR(SEARCH("Other",'RawData'!C$2:C$822))))+1))) -> 8
A51: =IF(ISNUMBER(SEARCH("World",'RawData'!C55)),"",'RawData'!A55) -> MCS2026 | B51: =IF(ISNUMBER(SEARCH("World",'RawData'!C55)),"",'RawData'!B55) -> Bauxite | C51: =IF(ISNUMBER(SEARCH("World",'RawData'!C55)),"",'RawData'!C55) -> Indonesia | D51: =IF(ISNUMBER(SEARCH("World",'RawData'!C55)),"",'RawData'!D55) -> Mine production, bauxite, dry tons | E51: =IF(ISNUMBER(SEARCH("World",'RawData'!C55)),"",IF('RawData'!E55="WT001","kg",IF('RawData'!E55="WT002","ton",IF('RawData'!E55="WT003","k ton","")))) -> k ton | F51: =IF(ISNUMBER(SEARCH("World",'RawData'!C55)),"",'RawData'!F55) -> 9900 | G51: =IF(ISNUMBER(SEARCH("World",'RawData'!C55)),"",'RawData'!G55) -> 10000 | H51: =IF(ISNUMBER(SEARCH("World",'RawData'!C55)),"",SUMIFS('RawData'!G:G,'RawData'!B:B,'RawData'!B55,'RawData'!C:C,"*World*")) -> 440000 | I51: =IF(ISNUMBER(SEARCH("World",'RawData'!C55)),"",IFERROR(G51/H51,"-")) -> 0.022727273 | J51: =IF(ISNUMBER(SEARCH("World",'RawData'!C55)),"",IF(ISNUMBER(SEARCH("Other",C51)),COUNTIFS('RawData'!B:B,B51,'RawData'!C:C,"<>*World*"),IF(OR(G51="",G51=0),"-",SUMPRODUCT(('RawData'!B$2:B$822=B51)*('RawData'!G$2:G$822>G51)*(ISERROR(SEARCH("World",'RawData'!C$2:C$822)))*(ISERROR(SEARCH("Other",'RawData'!C$2:C$822))))+1))) -> 6 | K51: =IF(ISNUMBER(SEARCH("World",'RawData'!C55)),"",'RawData'!H55) -> 2900000 | L51: =IF(ISNUMBER(SEARCH("World",'RawData'!C55)),"",SUMIFS('RawData'!H:H,'RawData'!B:B,'RawData'!B55,'RawData'!C:C,"*World*")) -> 29000000 | M51: =IF(ISNUMBER(SEARCH("World",'RawData'!C55)),"",IFERROR(K51/L51,"-")) -> 0.1 | N51: =IF(ISNUMBER(SEARCH("World",'RawData'!C55)),"",IF(ISNUMBER(SEARCH("Other",C51)),COUNTIFS('RawData'!B:B,B51,'RawData'!C:C,"<>*World*"),IF(OR(K51="",K51=0),"-",SUMPRODUCT(('RawData'!B$2:B$822=B51)*('RawData'!H$2:H$822>K51)*(ISERROR(SEARCH("World",'RawData'!C$2:C$822)))*(ISERROR(SEARCH("Other",'RawData'!C$2:C$822))))+1))) -> 4
A52: =IF(ISNUMBER(SEARCH("World",'RawData'!C56)),"",'RawData'!A56) -> MCS2026 | B52: =IF(ISNUMBER(SEARCH("World",'RawData'!C56)),"",'RawData'!B56) -> Bauxite | C52: =IF(ISNUMBER(SEARCH("World",'RawData'!C56)),"",'RawData'!C56) -> Ireland | D52: =IF(ISNUMBER(SEARCH("World",'RawData'!C56)),"",'RawData'!D56) -> Mine production, bauxite, dry tons | E52: =IF(ISNUMBER(SEARCH("World",'RawData'!C56)),"",IF('RawData'!E56="WT001","kg",IF('RawData'!E56="WT002","ton",IF('RawData'!E56="WT003","k ton","")))) -> k ton | F52: =IF(ISNUMBER(SEARCH("World",'RawData'!C56)),"",'RawData'!F56) -> 0 | G52: =IF(ISNUMBER(SEARCH("World",'RawData'!C56)),"",'RawData'!G56) -> 0 | H52: =IF(ISNUMBER(SEARCH("World",'RawData'!C56)),"",SUMIFS('RawData'!G:G,'RawData'!B:B,'RawData'!B56,'RawData'!C:C,"*World*")) -> 440000 | I52: =IF(ISNUMBER(SEARCH("World",'RawData'!C56)),"",IFERROR(G52/H52,"-")) -> 0 | J52: =IF(ISNUMBER(SEARCH("World",'RawData'!C56)),"",IF(ISNUMBER(SEARCH("Other",C52)),COUNTIFS('RawData'!B:B,B52,'RawData'!C:C,"<>*World*"),IF(OR(G52="",G52=0),"-",SUMPRODUCT(('RawData'!B$2:B$822=B52)*('RawData'!G$2:G$822>G52)*(ISERROR(SEARCH("World",'RawData'!C$2:C$822)))*(ISERROR(SEARCH("Other",'RawData'!C$2:C$822))))+1))) -> - | K52: =IF(ISNUMBER(SEARCH("World",'RawData'!C56)),"",'RawData'!H56) -> 0 | L52: =IF(ISNUMBER(SEARCH("World",'RawData'!C56)),"",SUMIFS('RawData'!H:H,'RawData'!B:B,'RawData'!B56,'RawData'!C:C,"*World*")) -> 29000000 | M52: =IF(ISNUMBER(SEARCH("World",'RawData'!C56)),"",IFERROR(K52/L52,"-")) -> 0 | N52: =IF(ISNUMBER(SEARCH("World",'RawData'!C56)),"",IF(ISNUMBER(SEARCH("Other",C52)),COUNTIFS('RawData'!B:B,B52,'RawData'!C:C,"<>*World*"),IF(OR(K52="",K52=0),"-",SUMPRODUCT(('RawData'!B$2:B$822=B52)*('RawData'!H$2:H$822>K52)*(ISERROR(SEARCH("World",'RawData'!C$2:C$822)))*(ISERROR(SEARCH("Other",'RawData'!C$2:C$822))))+1))) -> -
A53: =IF(ISNUMBER(SEARCH("World",'RawData'!C57)),"",'RawData'!A57) -> MCS2026 | B53: =IF(ISNUMBER(SEARCH("World",'RawData'!C57)),"",'RawData'!B57) -> Bauxite | C53: =IF(ISNUMBER(SEARCH("World",'RawData'!C57)),"",'RawData'!C57) -> Jamaica | D53: =IF(ISNUMBER(SEARCH("World",'RawData'!C57)),"",'RawData'!D57) -> Mine production, bauxite, dry tons | E53: =IF(ISNUMBER(SEARCH("World",'RawData'!C57)),"",IF('RawData'!E57="WT001","kg",IF('RawData'!E57="WT002","ton",IF('RawData'!E57="WT003","k ton","")))) -> k ton | F53: =IF(ISNUMBER(SEARCH("World",'RawData'!C57)),"",'RawData'!F57) -> 5890 | G53: =IF(ISNUMBER(SEARCH("World",'RawData'!C57)),"",'RawData'!G57) -> 6200 | H53: =IF(ISNUMBER(SEARCH("World",'RawData'!C57)),"",SUMIFS('RawData'!G:G,'RawData'!B:B,'RawData'!B57,'RawData'!C:C,"*World*")) -> 440000 | I53: =IF(ISNUMBER(SEARCH("World",'RawData'!C57)),"",IFERROR(G53/H53,"-")) -> 0.014090909 | J53: =IF(ISNUMBER(SEARCH("World",'RawData'!C57)),"",IF(ISNUMBER(SEARCH("Other",C53)),COUNTIFS('RawData'!B:B,B53,'RawData'!C:C,"<>*World*"),IF(OR(G53="",G53=0),"-",SUMPRODUCT(('RawData'!B$2:B$822=B53)*('RawData'!G$2:G$822>G53)*(ISERROR(SEARCH("World",'RawData'!C$2:C$822)))*(ISERROR(SEARCH("Other",'RawData'!C$2:C$822))))+1))) -> 7 | K53: =IF(ISNUMBER(SEARCH("World",'RawData'!C57)),"",'RawData'!H57) -> 2000000 | L53: =IF(ISNUMBER(SEARCH("World",'RawData'!C57)),"",SUMIFS('RawData'!H:H,'RawData'!B:B,'RawData'!B57,'RawData'!C:C,"*World*")) -> 29000000 | M53: =IF(ISNUMBER(SEARCH("World",'RawData'!C57)),"",IFERROR(K53/L53,"-")) -> 0.068965517 | N53: =IF(ISNUMBER(SEARCH("World",'RawData'!C57)),"",IF(ISNUMBER(SEARCH("Other",C53)),COUNTIFS('RawData'!B:B,B53,'RawData'!C:C,"<>*World*"),IF(OR(K53="",K53=0),"-",SUMPRODUCT(('RawData'!B$2:B$822=B53)*('RawData'!H$2:H$822>K53)*(ISERROR(SEARCH("World",'RawData'!C$2:C$822)))*(ISERROR(SEARCH("Other",'RawData'!C$2:C$822))))+1))) -> 5
A54: =IF(ISNUMBER(SEARCH("World",'RawData'!C58)),"",'RawData'!A58) -> MCS2026 | B54: =IF(ISNUMBER(SEARCH("World",'RawData'!C58)),"",'RawData'!B58) -> Bauxite | C54: =IF(ISNUMBER(SEARCH("World",'RawData'!C58)),"",'RawData'!C58) -> Kazakhstan | D54: =IF(ISNUMBER(SEARCH("World",'RawData'!C58)),"",'RawData'!D58) -> Mine production, bauxite, dry tons | E54: =IF(ISNUMBER(SEARCH("World",'RawData'!C58)),"",IF('RawData'!E58="WT001","kg",IF('RawData'!E58="WT002","ton",IF('RawData'!E58="WT003","k ton","")))) -> k ton | F54: =IF(ISNUMBER(SEARCH("World",'RawData'!C58)),"",'RawData'!F58) -> 4780 | G54: =IF(ISNUMBER(SEARCH("World",'RawData'!C58)),"",'RawData'!G58) -> 4800 | H54: =IF(ISNUMBER(SEARCH("World",'RawData'!C58)),"",SUMIFS('RawData'!G:G,'RawData'!B:B,'RawData'!B58,'RawData'!C:C,"*World*")) -> 440000 | I54: =IF(ISNUMBER(SEARCH("World",'RawData'!C58)),"",IFERROR(G54/H54,"-")) -> 0.010909091 | J54: =IF(ISNUMBER(SEARCH("World",'RawData'!C58)),"",IF(ISNUMBER(SEARCH("Other",C54)),COUNTIFS('RawData'!B:B,B54,'RawData'!C:C,"<>*World*"),IF(OR(G54="",G54=0),"-",SUMPRODUCT(('RawData'!B$2:B$822=B54)*('RawData'!G$2:G$822>G54)*(ISERROR(SEARCH("World",'RawData'!C$2:C$822)))*(ISERROR(SEARCH("Other",'RawData'!C$2:C$822))))+1))) -> 10 | K54: =IF(ISNUMBER(SEARCH("World",'RawData'!C58)),"",'RawData'!H58) -> 160000 | L54: =IF(ISNUMBER(SEARCH("World",'RawData'!C58)),"",SUMIFS('RawData'!H:H,'RawData'!B:B,'RawData'!B58,'RawData'!C:C,"*World*")) -> 29000000 | M54: =IF(ISNUMBER(SEARCH("World",'RawData'!C58)),"",IFERROR(K54/L54,"-")) -> 0.0055172414 | N54: =IF(ISNUMBER(SEARCH("World",'RawData'!C58)),"",IF(ISNUMBER(SEARCH("Other",C54)),COUNTIFS('RawData'!B:B,B54,'RawData'!C:C,"<>*World*"),IF(OR(K54="",K54=0),"-",SUMPRODUCT(('RawData'!B$2:B$822=B54)*('RawData'!H$2:H$822>K54)*(ISERROR(SEARCH("World",'RawData'!C$2:C$822)))*(ISERROR(SEARCH("Other",'RawData'!C$2:C$822))))+1))) -> 11
... A62: =IF(ISNUMBER(SEARCH("World",'RawData'!C66)),"",'RawData'!A66) -> MCS2026 | B62: =IF(ISNUMBER(SEARCH("World",'RawData'!C66)),"",'RawData'!B66) -> Bauxite | C62: =IF(ISNUMBER(SEARCH("World",'RawData'!C66)),"",'RawData'!C66) -> Vietnam | D62: =IF(ISNUMBER(SEARCH("World",'RawData'!C66)),"",'RawData'!D66) -> Mine production, bauxite, dry tons | E62: =IF(ISNUMBER(SEARCH("World",'RawData'!C66)),"",IF('RawData'!E66="WT001","kg",IF('RawData'!E66="WT002","ton",IF('RawData'!E66="WT003","k ton","")))) -> k ton | F62: =IF(ISNUMBER(SEARCH("World",'RawData'!C66)),"",'RawData'!F66) -> 3710 | G62: =IF(ISNUMBER(SEARCH("World",'RawData'!C66)),"",'RawData'!G66) -> 3800 | H62: =IF(ISNUMBER(SEARCH("World",'RawData'!C66)),"",SUMIFS('RawData'!G:G,'RawData'!B:B,'RawData'!B66,'RawData'!C:C,"*World*")) -> 440000 | I62: =IF(ISNUMBER(SEARCH("World",'RawData'!C66)),"",IFERROR(G62/H62,"-")) -> 0.0086363636 | J62: =IF(ISNUMBER(SEARCH("World",'RawData'!C66)),"",IF(ISNUMBER(SEARCH("Other",C62)),COUNTIFS('RawData'!B:B,B62,'RawData'!C:C,"<>*World*"),IF(OR(G62="",G62=0),"-",SUMPRODUCT(('RawData'!B$2:B$822=B62)*('RawData'!G$2:G$822>G62)*(ISERROR(SEARCH("World",'RawData'!C$2:C$822)))*(ISERROR(SEARCH("Other",'RawData'!C$2:C$822))))+1))) -> 11 | K62: =IF(ISNUMBER(SEARCH("World",'RawData'!C66)),"",'RawData'!H66) -> 3100000 | L62: =IF(ISNUMBER(SEARCH("World",'RawData'!C66)),"",SUMIFS('RawData'!H:H,'RawData'!B:B,'RawData'!B66,'RawData'!C:C,"*World*")) -> 29000000 | M62: =IF(ISNUMBER(SEARCH("World",'RawData'!C66)),"",IFERROR(K62/L62,"-")) -> 0.10689655 | N62: =IF(ISNUMBER(SEARCH("World",'RawData'!C66)),"",IF(ISNUMBER(SEARCH("Other",C62)),COUNTIFS('RawData'!B:B,B62,'RawData'!C:C,"<>*World*"),IF(OR(K62="",K62=0),"-",SUMPRODUCT(('RawData'!B$2:B$822=B62)*('RawData'!H$2:H$822>K62)*(ISERROR(SEARCH("World",'RawData'!C$2:C$822)))*(ISERROR(SEARCH("Other",'RawData'!C$2:C$822))))+1))) -> 3
A63: =IF(ISNUMBER(SEARCH("World",'RawData'!C68)),"",'RawData'!A68) -> MCS2026 | B63: =IF(ISNUMBER(SEARCH("World",'RawData'!C68)),"",'RawData'!B68) -> Beryllium | C63: =IF(ISNUMBER(SEARCH("World",'RawData'!C68)),"",'RawData'!C68) -> Brazil | D63: =IF(ISNUMBER(SEARCH("World",'RawData'!C68)),"",'RawData'!D68) -> Mine production, beryllium content | E63: =IF(ISNUMBER(SEARCH("World",'RawData'!C68)),"",IF('RawData'!E68="WT001","kg",IF('RawData'!E68="WT002","ton",IF('RawData'!E68="WT003","k ton","")))) -> ton | F63: =IF(ISNUMBER(SEARCH("World",'RawData'!C68)),"",'RawData'!F68) -> 80 | G63: =IF(ISNUMBER(SEARCH("World",'RawData'!C68)),"",'RawData'!G68) -> 80 | H63: =IF(ISNUMBER(SEARCH("World",'RawData'!C68)),"",SUMIFS('RawData'!G:G,'RawData'!B:B,'RawData'!B68,'RawData'!C:C,"*World*")) -> 430 | I63: =IF(ISNUMBER(SEARCH("World",'RawData'!C68)),"",IFERROR(G63/H63,"-")) -> 0.18604651 | J63: =IF(ISNUMBER(SEARCH("World",'RawData'!C68)),"",IF(ISNUMBER(SEARCH("Other",C63)),COUNTIFS('RawData'!B:B,B63,'RawData'!C:C,"<>*World*"),IF(OR(G63="",G63=0),"-",SUMPRODUCT(('RawData'!B$2:B$822=B63)*('RawData'!G$2:G$822>G63)*(ISERROR(SEARCH("World",'RawData'!C$2:C$822)))*(ISERROR(SEARCH("Other",'RawData'!C$2:C$822))))+1))) -> 2 | K63: =IF(ISNUMBER(SEARCH("World",'RawData'!C68)),"",'RawData'!H68) -> 0 | L63: =IF(ISNUMBER(SEARCH("World",'RawData'!C68)),"",SUMIFS('RawData'!H:H,'RawData'!B:B,'RawData'!B68,'RawData'!C:C,"*World*")) -> 0 | M63: =IF(ISNUMBER(SEARCH("World",'RawData'!C68)),"",IFERROR(K63/L63,"-")) -> - | N63: =IF(ISNUMBER(SEARCH("World",'RawData'!C68)),"",IF(ISNUMBER(SEARCH("Other",C63)),COUNTIFS('RawData'!B:B,B63,'RawData'!C:C,"<>*World*"),IF(OR(K63="",K63=0),"-",SUMPRODUCT(('RawData'!B$2:B$822=B63)*('RawData'!H$2:H$822>K63)*(ISERROR(SEARCH("World",'RawData'!C$2:C$822)))*(ISERROR(SEARCH("Other",'RawData'!C$2:C$822))))+1))) -> -
A64: =IF(ISNUMBER(SEARCH("World",'RawData'!C69)),"",'RawData'!A69) -> MCS2026 | B64: =IF(ISNUMBER(SEARCH("World",'RawData'!C69)),"",'RawData'!B69) -> Beryllium | C64: =IF(ISNUMBER(SEARCH("World",'RawData'!C69)),"",'RawData'!C69) -> China | D64: =IF(ISNUMBER(SEARCH("World",'RawData'!C69)),"",'RawData'!D69) -> Mine production, beryllium content | E64: =IF(ISNUMBER(SEARCH("World",'RawData'!C69)),"",IF('RawData'!E69="WT001","kg",IF('RawData'!E69="WT002","ton",IF('RawData'!E69="WT003","k ton","")))) -> ton | F64: =IF(ISNUMBER(SEARCH("World",'RawData'!C69)),"",'RawData'!F69) -> 78 | G64: =IF(ISNUMBER(SEARCH("World",'RawData'!C69)),"",'RawData'!G69) -> 77 | H64: =IF(ISNUMBER(SEARCH("World",'RawData'!C69)),"",SUMIFS('RawData'!G:G,'RawData'!B:B,'RawData'!B69,'RawData'!C:C,"*World*")) -> 430 | I64: =IF(ISNUMBER(SEARCH("World",'RawData'!C69)),"",IFERROR(G64/H64,"-")) -> 0.17906977 | J64: =IF(ISNUMBER(SEARCH("World",'RawData'!C69)),"",IF(ISNUMBER(SEARCH("Other",C64)),COUNTIFS('RawData'!B:B,B64,'RawData'!C:C,"<>*World*"),IF(OR(G64="",G64=0),"-",SUMPRODUCT(('RawData'!B$2:B$822=B64)*('RawData'!G$2:G$822>G64)*(ISERROR(SEARCH("World",'RawData'!C$2:C$822)))*(ISERROR(SEARCH("Other",'RawData'!C$2:C$822))))+1))) -> 3 | K64: =IF(ISNUMBER(SEARCH("World",'RawData'!C69)),"",'RawData'!H69) -> 0 | L64: =IF(ISNUMBER(SEARCH("World",'RawData'!C69)),"",SUMIFS('RawData'!H:H,'RawData'!B:B,'RawData'!B69,'RawData'!C:C,"*World*")) -> 0 | M64: =IF(ISNUMBER(SEARCH("World",'RawData'!C69)),"",IFERROR(K64/L64,"-")) -> - | N64: =IF(ISNUMBER(SEARCH("World",'RawData'!C69)),"",IF(ISNUMBER(SEARCH("Other",C64)),COUNTIFS('RawData'!B:B,B64,'RawData'!C:C,"<>*World*"),IF(OR(K64="",K64=0),"-",SUMPRODUCT(('RawData'!B$2:B$822=B64)*('RawData'!H$2:H$822>K64)*(ISERROR(SEARCH("World",'RawData'!C$2:C$822)))*(ISERROR(SEARCH("Other",'RawData'!C$2:C$822))))+1))) -> -
A65: =IF(ISNUMBER(SEARCH("World",'RawData'!C70)),"",'RawData'!A70) -> MCS2026 | B65: =IF(ISNUMBER(SEARCH("World",'RawData'!C70)),"",'RawData'!B70) -> Beryllium | C65: =IF(ISNUMBER(SEARCH("World",'RawData'!C70)),"",'RawData'!C70) -> Madagascar | D65: =IF(ISNUMBER(SEARCH("World",'RawData'!C70)),"",'RawData'!D70) -> Mine production, beryllium content | E65: =IF(ISNUMBER(SEARCH("World",'RawData'!C70)),"",IF('RawData'!E70="WT001","kg",IF('RawData'!E70="WT002","ton",IF('RawData'!E70="WT003","k ton","")))) -> ton | F65: =IF(ISNUMBER(SEARCH("World",'RawData'!C70)),"",'RawData'!F70) -> 1 | G65: =IF(ISNUMBER(SEARCH("World",'RawData'!C70)),"",'RawData'!G70) -> 1 | H65: =IF(ISNUMBER(SEARCH("World",'RawData'!C70)),"",SUMIFS('RawData'!G:G,'RawData'!B:B,'RawData'!B70,'RawData'!C:C,"*World*")) -> 430 | I65: =IF(ISNUMBER(SEARCH("World",'RawData'!C70)),"",IFERROR(G65/H65,"-")) -> 0.0023255814 | J65: =IF(ISNUMBER(SEARCH("World",'RawData'!C70)),"",IF(ISNUMBER(SEARCH("Other",C65)),COUNTIFS('RawData'!B:B,B65,'RawData'!C:C,"<>*World*"),IF(OR(G65="",G65=0),"-",SUMPRODUCT(('RawData'!B$2:B$822=B65)*('RawData'!G$2:G$822>G65)*(ISERROR(SEARCH("World",'RawData'!C$2:C$822)))*(ISERROR(SEARCH("Other",'RawData'!C$2:C$822))))+1))) -> 6 | K65: =IF(ISNUMBER(SEARCH("World",'RawData'!C70)),"",'RawData'!H70) -> 0 | L65: =IF(ISNUMBER(SEARCH("World",'RawData'!C70)),"",SUMIFS('RawData'!H:H,'RawData'!B:B,'RawData'!B70,'RawData'!C:C,"*World*")) -> 0 | M65: =IF(ISNUMBER(SEARCH("World",'RawData'!C70)),"",IFERROR(K65/L65,"-")) -> - | N65: =IF(ISNUMBER(SEARCH("World",'RawData'!C70)),"",IF(ISNUMBER(SEARCH("Other",C65)),COUNTIFS('RawData'!B:B,B65,'RawData'!C:C,"<>*World*"),IF(OR(K65="",K65=0),"-",SUMPRODUCT(('RawData'!B$2:B$822=B65)*('RawData'!H$2:H$822>K65)*(ISERROR(SEARCH("World",'RawData'!C$2:C$822)))*(ISERROR(SEARCH("Other",'RawData'!C$2:C$822))))+1))) -> -
A66: =IF(ISNUMBER(SEARCH("World",'RawData'!C71)),"",'RawData'!A71) -> MCS2026 | B66: =IF(ISNUMBER(SEARCH("World",'RawData'!C71)),"",'RawData'!B71) -> Beryllium | C66: =IF(ISNUMBER(SEARCH("World",'RawData'!C71)),"",'RawData'!C71) -> Mozambique | D66: =IF(ISNUMBER(SEARCH("World",'RawData'!C71)),"",'RawData'!D71) -> Mine production, beryllium content | E66: =IF(ISNUMBER(SEARCH("World",'RawData'!C71)),"",IF('RawData'!E71="WT001","kg",IF('RawData'!E71="WT002","ton",IF('RawData'!E71="WT003","k ton","")))) -> ton | F66: =IF(ISNUMBER(SEARCH("World",'RawData'!C71)),"",'RawData'!F71) -> 3 | G66: =IF(ISNUMBER(SEARCH("World",'RawData'!C71)),"",'RawData'!G71) -> 3 | H66: =IF(ISNUMBER(SEARCH("World",'RawData'!C71)),"",SUMIFS('RawData'!G:G,'RawData'!B:B,'RawData'!B71,'RawData'!C:C,"*World*")) -> 430 | I66: =IF(ISNUMBER(SEARCH("World",'RawData'!C71)),"",IFERROR(G66/H66,"-")) -> 0.0069767442 | J66: =IF(ISNUMBER(SEARCH("World",'RawData'!C71)),"",IF(ISNUMBER(SEARCH("Other",C66)),COUNTIFS('RawData'!B:B,B66,'RawData'!C:C,"<>*World*"),IF(OR(G66="",G66=0),"-",SUMPRODUCT(('RawData'!B$2:B$822=B66)*('RawData'!G$2:G$822>G66)*(ISERROR(SEARCH("World",'RawData'!C$2:C$822)))*(ISERROR(SEARCH("Other",'RawData'!C$2:C$822))))+1))) -> 5 | K66: =IF(ISNUMBER(SEARCH("World",'RawData'!C71)),"",'RawData'!H71) -> 0 | L66: =IF(ISNUMBER(SEARCH("World",'RawData'!C71)),"",SUMIFS('RawData'!H:H,'RawData'!B:B,'RawData'!B71,'RawData'!C:C,"*World*")) -> 0 | M66: =IF(ISNUMBER(SEARCH("World",'RawData'!C71)),"",IFERROR(K66/L66,"-")) -> - | N66: =IF(ISNUMBER(SEARCH("World",'RawData'!C71)),"",IF(ISNUMBER(SEARCH("Other",C66)),COUNTIFS('RawData'!B:B,B66,'RawData'!C:C,"<>*World*"),IF(OR(K66="",K66=0),"-",SUMPRODUCT(('RawData'!B$2:B$822=B66)*('RawData'!H$2:H$822>K66)*(ISERROR(SEARCH("World",'RawData'!C$2:C$822)))*(ISERROR(SEARCH("Other",'RawData'!C$2:C$822))))+1))) -> -
A67: =IF(ISNUMBER(SEARCH("World",'RawData'!C72)),"",'RawData'!A72) -> MCS2026 | B67: =IF(ISNUMBER(SEARCH("World",'RawData'!C72)),"",'RawData'!B72) -> Beryllium | C67: =IF(ISNUMBER(SEARCH("World",'RawData'!C72)),"",'RawData'!C72) -> Nigeria | D67: =IF(ISNUMBER(SEARCH("World",'RawData'!C72)),"",'RawData'!D72) -> Mine production, beryllium content | E67: =IF(ISNUMBER(SEARCH("World",'RawData'!C72)),"",IF('RawData'!E72="WT001","kg",IF('RawData'!E72="WT002","ton",IF('RawData'!E72="WT003","k ton","")))) -> ton | F67: =IF(ISNUMBER(SEARCH("World",'RawData'!C72)),"",'RawData'!F72) -> 40 | G67: =IF(ISNUMBER(SEARCH("World",'RawData'!C72)),"",'RawData'!G72) -> 40 | H67: =IF(ISNUMBER(SEARCH("World",'RawData'!C72)),"",SUMIFS('RawData'!G:G,'RawData'!B:B,'RawData'!B72,'RawData'!C:C,"*World*")) -> 430 | I67: =IF(ISNUMBER(SEARCH("World",'RawData'!C72)),"",IFERROR(G67/H67,"-")) -> 0.093023256 | J67: =IF(ISNUMBER(SEARCH("World",'RawData'!C72)),"",IF(ISNUMBER(SEARCH("Other",C67)),COUNTIFS('RawData'!B:B,B67,'RawData'!C:C,"<>*World*"),IF(OR(G67="",G67=0),"-",SUMPRODUCT(('RawData'!B$2:B$822=B67)*('RawData'!G$2:G$822>G67)*(ISERROR(SEARCH("World",'RawData'!C$2:C$822)))*(ISERROR(SEARCH("Other",'RawData'!C$2:C$822))))+1))) -> 4 | K67: =IF(ISNUMBER(SEARCH("World",'RawData'!C72)),"",'RawData'!H72) -> 0 | L67: =IF(ISNUMBER(SEARCH("World",'RawData'!C72)),"",SUMIFS('RawData'!H:H,'RawData'!B:B,'RawData'!B72,'RawData'!C:C,"*World*")) -> 0 | M67: =IF(ISNUMBER(SEARCH("World",'RawData'!C72)),"",IFERROR(K67/L67,"-")) -> - | N67: =IF(ISNUMBER(SEARCH("World",'RawData'!C72)),"",IF(ISNUMBER(SEARCH("Other",C67)),COUNTIFS('RawData'!B:B,B67,'RawData'!C:C,"<>*World*"),IF(OR(K67="",K67=0),"-",SUMPRODUCT(('RawData'!B$2:B$822=B67)*('RawData'!H$2:H$822>K67)*(ISERROR(SEARCH("World",'RawData'!C$2:C$822)))*(ISERROR(SEARCH("Other",'RawData'!C$2:C$822))))+1))) -> -
A68: =IF(ISNUMBER(SEARCH("World",'RawData'!C73)),"",'RawData'!A73) -> MCS2026 | B68: =IF(ISNUMBER(SEARCH("World",'RawData'!C73)),"",'RawData'!B73) -> Beryllium | C68: =IF(ISNUMBER(SEARCH("World",'RawData'!C73)),"",'RawData'!C73) -> Rwanda | D68: =IF(ISNUMBER(SEARCH("World",'RawData'!C73)),"",'RawData'!D73) -> Mine production, beryllium content | E68: =IF(ISNUMBER(SEARCH("World",'RawData'!C73)),"",IF('RawData'!E73="WT001","kg",IF('RawData'!E73="WT002","ton",IF('RawData'!E73="WT003","k ton","")))) -> ton | F68: =IF(ISNUMBER(SEARCH("World",'RawData'!C73)),"",'RawData'!F73) -> 1 | G68: =IF(ISNUMBER(SEARCH("World",'RawData'!C73)),"",'RawData'!G73) -> 1 | H68: =IF(ISNUMBER(SEARCH("World",'RawData'!C73)),"",SUMIFS('RawData'!G:G,'RawData'!B:B,'RawData'!B73,'RawData'!C:C,"*World*")) -> 430 | I68: =IF(ISNUMBER(SEARCH("World",'RawData'!C73)),"",IFERROR(G68/H68,"-")) -> 0.0023255814 | J68: =IF(ISNUMBER(SEARCH("World",'RawData'!C73)),"",IF(ISNUMBER(SEARCH("Other",C68)),COUNTIFS('RawData'!B:B,B68,'RawData'!C:C,"<>*World*"),IF(OR(G68="",G68=0),"-",SUMPRODUCT(('RawData'!B$2:B$822=B68)*('RawData'!G$2:G$822>G68)*(ISERROR(SEARCH("World",'RawData'!C$2:C$822)))*(ISERROR(SEARCH("Other",'RawData'!C$2:C$822))))+1))) -> 6 | K68: =IF(ISNUMBER(SEARCH("World",'RawData'!C73)),"",'RawData'!H73) -> 0 | L68: =IF(ISNUMBER(SEARCH("World",'RawData'!C73)),"",SUMIFS('RawData'!H:H,'RawData'!B:B,'RawData'!B73,'RawData'!C:C,"*World*")) -> 0 | M68: =IF(ISNUMBER(SEARCH("World",'RawData'!C73)),"",IFERROR(K68/L68,"-")) -> - | N68: =IF(ISNUMBER(SEARCH("World",'RawData'!C73)),"",IF(ISNUMBER(SEARCH("Other",C68)),COUNTIFS('RawData'!B:B,B68,'RawData'!C:C,"<>*World*"),IF(OR(K68="",K68=0),"-",SUMPRODUCT(('RawData'!B$2:B$822=B68)*('RawData'!H$2:H$822>K68)*(ISERROR(SEARCH("World",'RawData'!C$2:C$822)))*(ISERROR(SEARCH("Other",'RawData'!C$2:C$822))))+1))) -> -
A69: =IF(ISNUMBER(SEARCH("World",'RawData'!C74)),"",'RawData'!A74) -> MCS2026 | B69: =IF(ISNUMBER(SEARCH("World",'RawData'!C74)),"",'RawData'!B74) -> Beryllium | C69: =IF(ISNUMBER(SEARCH("World",'RawData'!C74)),"",'RawData'!C74) -> United States | D69: =IF(ISNUMBER(SEARCH("World",'RawData'!C74)),"",'RawData'!D74) -> Mine production, beryllium content | E69: =IF(ISNUMBER(SEARCH("World",'RawData'!C74)),"",IF('RawData'!E74="WT001","kg",IF('RawData'!E74="WT002","ton",IF('RawData'!E74="WT003","k ton","")))) -> ton | F69: =IF(ISNUMBER(SEARCH("World",'RawData'!C74)),"",'RawData'!F74) -> 230 | G69: =IF(ISNUMBER(SEARCH("World",'RawData'!C74)),"",'RawData'!G74) -> 230 | H69: =IF(ISNUMBER(SEARCH("World",'RawData'!C74)),"",SUMIFS('RawData'!G:G,'RawData'!B:B,'RawData'!B74,'RawData'!C:C,"*World*")) -> 430 | I69: =IF(ISNUMBER(SEARCH("World",'RawData'!C74)),"",IFERROR(G69/H69,"-")) -> 0.53488372 | J69: =IF(ISNUMBER(SEARCH("World",'RawData'!C74)),"",IF(ISNUMBER(SEARCH("Other",C69)),COUNTIFS('RawData'!B:B,B69,'RawData'!C:C,"<>*World*"),IF(OR(G69="",G69=0),"-",SUMPRODUCT(('RawData'!B$2:B$822=B69)*('RawData'!G$2:G$822>G69)*(ISERROR(SEARCH("World",'RawData'!C$2:C$822)))*(ISERROR(SEARCH("Other",'RawData'!C$2:C$822))))+1))) -> 1 | K69: =IF(ISNUMBER(SEARCH("World",'RawData'!C74)),"",'RawData'!H74) -> 0 | L69: =IF(ISNUMBER(SEARCH("World",'RawData'!C74)),"",SUMIFS('RawData'!H:H,'RawData'!B:B,'RawData'!B74,'RawData'!C:C,"*World*")) -> 0 | M69: =IF(ISNUMBER(SEARCH("World",'RawData'!C74)),"",IFERROR(K69/L69,"-")) -> - | N69: =IF(ISNUMBER(SEARCH("World",'RawData'!C74)),"",IF(ISNUMBER(SEARCH("Other",C69)),COUNTIFS('RawData'!B:B,B69,'RawData'!C:C,"<>*World*"),IF(OR(K69="",K69=0),"-",SUMPRODUCT(('RawData'!B$2:B$822=B69)*('RawData'!H$2:H$822>K69)*(ISERROR(SEARCH("World",'RawData'!C$2:C$822)))*(ISERROR(SEARCH("Other",'RawData'!C$2:C$822))))+1))) -> -
A70: =IF(ISNUMBER(SEARCH("World",'RawData'!C76)),"",'RawData'!A76) -> MCS2026 | B70: =IF(ISNUMBER(SEARCH("World",'RawData'!C76)),"",'RawData'!B76) -> Bismuth | C70: =IF(ISNUMBER(SEARCH("World",'RawData'!C76)),"",'RawData'!C76) -> Bolivia | D70: =IF(ISNUMBER(SEARCH("World",'RawData'!C76)),"",'RawData'!D76) -> Refinery production | E70: =IF(ISNUMBER(SEARCH("World",'RawData'!C76)),"",IF('RawData'!E76="WT001","kg",IF('RawData'!E76="WT002","ton",IF('RawData'!E76="WT003","k ton","")))) -> ton | F70: =IF(ISNUMBER(SEARCH("World",'RawData'!C76)),"",'RawData'!F76) -> 50 | G70: =IF(ISNUMBER(SEARCH("World",'RawData'!C76)),"",'RawData'!G76) -> 50 | H70: =IF(ISNUMBER(SEARCH("World",'RawData'!C76)),"",SUMIFS('RawData'!G:G,'RawData'!B:B,'RawData'!B76,'RawData'!C:C,"*World*")) -> 16000 | I70: =IF(ISNUMBER(SEARCH("World",'RawData'!C76)),"",IFERROR(G70/H70,"-")) -> 0.003125 | J70: =IF(ISNUMBER(SEARCH("World",'RawData'!C76)),"",IF(ISNUMBER(SEARCH("Other",C70)),COUNTIFS('RawData'!B:B,B70,'RawData'!C:C,"<>*World*"),IF(OR(G70="",G70=0),"-",SUMPRODUCT(('RawData'!B$2:B$822=B70)*('RawData'!G$2:G$822>G70)*(ISERROR(SEARCH("World",'RawData'!C$2:C$822)))*(ISERROR(SEARCH("Other",'RawData'!C$2:C$822))))+1))) -> 6 | K70: =IF(ISNUMBER(SEARCH("World",'RawData'!C76)),"",'RawData'!H76) -> 0 | L70: =IF(ISNUMBER(SEARCH("World",'RawData'!C76)),"",SUMIFS('RawData'!H:H,'RawData'!B:B,'RawData'!B76,'RawData'!C:C,"*World*")) -> 0 | M70: =IF(ISNUMBER(SEARCH("World",'RawData'!C76)),"",IFERROR(K70/L70,"-")) -> - | N70: =IF(ISNUMBER(SEARCH("World",'RawData'!C76)),"",IF(ISNUMBER(SEARCH("Other",C70)),COUNTIFS('RawData'!B:B,B70,'RawData'!C:C,"<>*World*"),IF(OR(K70="",K70=0),"-",SUMPRODUCT(('RawData'!B$2:B$822=B70)*('RawData'!H$2:H$822>K70)*(ISERROR(SEARCH("World",'RawData'!C$2:C$822)))*(ISERROR(SEARCH("Other",'RawData'!C$2:C$822))))+1))) -> -
A71: =IF(ISNUMBER(SEARCH("World",'RawData'!C77)),"",'RawData'!A77) -> MCS2026 | B71: =IF(ISNUMBER(SEARCH("World",'RawData'!C77)),"",'RawData'!B77) -> Bismuth | C71: =IF(ISNUMBER(SEARCH("World",'RawData'!C77)),"",'RawData'!C77) -> Bulgaria | D71: =IF(ISNUMBER(SEARCH("World",'RawData'!C77)),"",'RawData'!D77) -> Refinery production | E71: =IF(ISNUMBER(SEARCH("World",'RawData'!C77)),"",IF('RawData'!E77="WT001","kg",IF('RawData'!E77="WT002","ton",IF('RawData'!E77="WT003","k ton","")))) -> ton | F71: =IF(ISNUMBER(SEARCH("World",'RawData'!C77)),"",'RawData'!F77) -> 48 | G71: =IF(ISNUMBER(SEARCH("World",'RawData'!C77)),"",'RawData'!G77) -> 50 | H71: =IF(ISNUMBER(SEARCH("World",'RawData'!C77)),"",SUMIFS('RawData'!G:G,'RawData'!B:B,'RawData'!B77,'RawData'!C:C,"*World*")) -> 16000 | I71: =IF(ISNUMBER(SEARCH("World",'RawData'!C77)),"",IFERROR(G71/H71,"-")) -> 0.003125 | J71: =IF(ISNUMBER(SEARCH("World",'RawData'!C77)),"",IF(ISNUMBER(SEARCH("Other",C71)),COUNTIFS('RawData'!B:B,B71,'RawData'!C:C,"<>*World*"),IF(OR(G71="",G71=0),"-",SUMPRODUCT(('RawData'!B$2:B$822=B71)*('RawData'!G$2:G$822>G71)*(ISERROR(SEARCH("World",'RawData'!C$2:C$822)))*(ISERROR(SEARCH("Other",'RawData'!C$2:C$822))))+1))) -> 6 | K71: =IF(ISNUMBER(SEARCH("World",'RawData'!C77)),"",'RawData'!H77) -> 0 | L71: =IF(ISNUMBER(SEARCH("World",'RawData'!C77)),"",SUMIFS('RawData'!H:H,'RawData'!B:B,'RawData'!B77,'RawData'!C:C,"*World*")) -> 0 | M71: =IF(ISNUMBER(SEARCH("World",'RawData'!C77)),"",IFERROR(K71/L71,"-")) -> - | N71: =IF(ISNUMBER(SEARCH("World",'RawData'!C77)),"",IF(ISNUMBER(SEARCH("Other",C71)),COUNTIFS('RawData'!B:B,B71,'RawData'!C:C,"<>*World*"),IF(OR(K71="",K71=0),"-",SUMPRODUCT(('RawData'!B$2:B$822=B71)*('RawData'!H$2:H$822>K71)*(ISERROR(SEARCH("World",'RawData'!C$2:C$822)))*(ISERROR(SEARCH("Other",'RawData'!C$2:C$822))))+1))) -> -
A72: =IF(ISNUMBER(SEARCH("World",'RawData'!C78)),"",'RawData'!A78) -> MCS2026 | B72: =IF(ISNUMBER(SEARCH("World",'RawData'!C78)),"",'RawData'!B78) -> Bismuth | C72: =IF(ISNUMBER(SEARCH("World",'RawData'!C78)),"",'RawData'!C78) -> China | D72: =IF(ISNUMBER(SEARCH("World",'RawData'!C78)),"",'RawData'!D78) -> Refinery production | E72: =IF(ISNUMBER(SEARCH("World",'RawData'!C78)),"",IF('RawData'!E78="WT001","kg",IF('RawData'!E78="WT002","ton",IF('RawData'!E78="WT003","k ton","")))) -> ton | F72: =IF(ISNUMBER(SEARCH("World",'RawData'!C78)),"",'RawData'!F78) -> 14000 | G72: =IF(ISNUMBER(SEARCH("World",'RawData'!C78)),"",'RawData'!G78) -> 14000 | H72: =IF(ISNUMBER(SEARCH("World",'RawData'!C78)),"",SUMIFS('RawData'!G:G,'RawData'!B:B,'RawData'!B78,'RawData'!C:C,"*World*")) -> 16000 | I72: =IF(ISNUMBER(SEARCH("World",'RawData'!C78)),"",IFERROR(G72/H72,"-")) -> 0.875 | J72: =IF(ISNUMBER(SEARCH("World",'RawData'!C78)),"",IF(ISNUMBER(SEARCH("Other",C72)),COUNTIFS('RawData'!B:B,B72,'RawData'!C:C,"<>*World*"),IF(OR(G72="",G72=0),"-",SUMPRODUCT(('RawData'!B$2:B$822=B72)*('RawData'!G$2:G$822>G72)*(ISERROR(SEARCH("World",'RawData'!C$2:C$822)))*(ISERROR(SEARCH("Other",'RawData'!C$2:C$822))))+1))) -> 1 | K72: =IF(ISNUMBER(SEARCH("World",'RawData'!C78)),"",'RawData'!H78) -> 0 | L72: =IF(ISNUMBER(SEARCH("World",'RawData'!C78)),"",SUMIFS('RawData'!H:H,'RawData'!B:B,'RawData'!B78,'RawData'!C:C,"*World*")) -> 0 | M72: =IF(ISNUMBER(SEARCH("World",'RawData'!C78)),"",IFERROR(K72/L72,"-")) -> - | N72: =IF(ISNUMBER(SEARCH("World",'RawData'!C78)),"",IF(ISNUMBER(SEARCH("Other",C72)),COUNTIFS('RawData'!B:B,B72,'RawData'!C:C,"<>*World*"),IF(OR(K72="",K72=0),"-",SUMPRODUCT(('RawData'!B$2:B$822=B72)*('RawData'!H$2:H$822>K72)*(ISERROR(SEARCH("World",'RawData'!C$2:C$822)))*(ISERROR(SEARCH("Other",'RawData'!C$2:C$822))))+1))) -> -
A73: =IF(ISNUMBER(SEARCH("World",'RawData'!C79)),"",'RawData'!A79) -> MCS2026 | B73: =IF(ISNUMBER(SEARCH("World",'RawData'!C79)),"",'RawData'!B79) -> Bismuth | C73: =IF(ISNUMBER(SEARCH("World",'RawData'!C79)),"",'RawData'!C79) -> Japan | D73: =IF(ISNUMBER(SEARCH("World",'RawData'!C79)),"",'RawData'!D79) -> Refinery production | E73: =IF(ISNUMBER(SEARCH("World",'RawData'!C79)),"",IF('RawData'!E79="WT001","kg",IF('RawData'!E79="WT002","ton",IF('RawData'!E79="WT003","k ton","")))) -> ton | F73: =IF(ISNUMBER(SEARCH("World",'RawData'!C79)),"",'RawData'!F79) -> 500 | G73: =IF(ISNUMBER(SEARCH("World",'RawData'!C79)),"",'RawData'!G79) -> 500 | H73: =IF(ISNUMBER(SEARCH("World",'RawData'!C79)),"",SUMIFS('RawData'!G:G,'RawData'!B:B,'RawData'!B79,'RawData'!C:C,"*World*")) -> 16000 | I73: =IF(ISNUMBER(SEARCH("World",'RawData'!C79)),"",IFERROR(G73/H73,"-")) -> 0.03125 | J73: =IF(ISNUMBER(SEARCH("World",'RawData'!C79)),"",IF(ISNUMBER(SEARCH("Other",C73)),COUNTIFS('RawData'!B:B,B73,'RawData'!C:C,"<>*World*"),IF(OR(G73="",G73=0),"-",SUMPRODUCT(('RawData'!B$2:B$822=B73)*('RawData'!G$2:G$822>G73)*(ISERROR(SEARCH("World",'RawData'!C$2:C$822)))*(ISERROR(SEARCH("Other",'RawData'!C$2:C$822))))+1))) -> 3 | K73: =IF(ISNUMBER(SEARCH("World",'RawData'!C79)),"",'RawData'!H79) -> 0 | L73: =IF(ISNUMBER(SEARCH("World",'RawData'!C79)),"",SUMIFS('RawData'!H:H,'RawData'!B:B,'RawData'!B79,'RawData'!C:C,"*World*")) -> 0 | M73: =IF(ISNUMBER(SEARCH("World",'RawData'!C79)),"",IFERROR(K73/L73,"-")) -> - | N73: =IF(ISNUMBER(SEARCH("World",'RawData'!C79)),"",IF(ISNUMBER(SEARCH("Other",C73)),COUNTIFS('RawData'!B:B,B73,'RawData'!C:C,"<>*World*"),IF(OR(K73="",K73=0),"-",SUMPRODUCT(('RawData'!B$2:B$822=B73)*('RawData'!H$2:H$822>K73)*(ISERROR(SEARCH("World",'RawData'!C$2:C$822)))*(ISERROR(SEARCH("Other",'RawData'!C$2:C$822))))+1))) -> -
A74: =IF(ISNUMBER(SEARCH("World",'RawData'!C80)),"",'RawData'!A80) -> MCS2026 | B74: =IF(ISNUMBER(SEARCH("World",'RawData'!C80)),"",'RawData'!B80) -> Bismuth | C74: =IF(ISNUMBER(SEARCH("World",'RawData'!C80)),"",'RawData'!C80) -> Kazakhstan | D74: =IF(ISNUMBER(SEARCH("World",'RawData'!C80)),"",'RawData'!D80) -> Refinery production | E74: =IF(ISNUMBER(SEARCH("World",'RawData'!C80)),"",IF('RawData'!E80="WT001","kg",IF('RawData'!E80="WT002","ton",IF('RawData'!E80="WT003","k ton","")))) -> ton | F74: =IF(ISNUMBER(SEARCH("World",'RawData'!C80)),"",'RawData'!F80) -> 180 | G74: =IF(ISNUMBER(SEARCH("World",'RawData'!C80)),"",'RawData'!G80) -> 180 | H74: =IF(ISNUMBER(SEARCH("World",'RawData'!C80)),"",SUMIFS('RawData'!G:G,'RawData'!B:B,'RawData'!B80,'RawData'!C:C,"*World*")) -> 16000 | I74: =IF(ISNUMBER(SEARCH("World",'RawData'!C80)),"",IFERROR(G74/H74,"-")) -> 0.01125 | J74: =IF(ISNUMBER(SEARCH("World",'RawData'!C80)),"",IF(ISNUMBER(SEARCH("Other",C74)),COUNTIFS('RawData'!B:B,B74,'RawData'!C:C,"<>*World*"),IF(OR(G74="",G74=0),"-",SUMPRODUCT(('RawData'!B$2:B$822=B74)*('RawData'!G$2:G$822>G74)*(ISERROR(SEARCH("World",'RawData'!C$2:C$822)))*(ISERROR(SEARCH("Other",'RawData'!C$2:C$822))))+1))) -> 5 | K74: =IF(ISNUMBER(SEARCH("World",'RawData'!C80)),"",'RawData'!H80) -> 0 | L74: =IF(ISNUMBER(SEARCH("World",'RawData'!C80)),"",SUMIFS('RawData'!H:H,'RawData'!B:B,'RawData'!B80,'RawData'!C:C,"*World*")) -> 0 | M74: =IF(ISNUMBER(SEARCH("World",'RawData'!C80)),"",IFERROR(K74/L74,"-")) -> - | N74: =IF(ISNUMBER(SEARCH("World",'RawData'!C80)),"",IF(ISNUMBER(SEARCH("Other",C74)),COUNTIFS('RawData'!B:B,B74,'RawData'!C:C,"<>*World*"),IF(OR(K74="",K74=0),"-",SUMPRODUCT(('RawData'!B$2:B$822=B74)*('RawData'!H$2:H$822>K74)*(ISERROR(SEARCH("World",'RawData'!C$2:C$822)))*(ISERROR(SEARCH("Other",'RawData'!C$2:C$822))))+1))) -> -
A75: =IF(ISNUMBER(SEARCH("World",'RawData'!C81)),"",'RawData'!A81) -> MCS2026 | B75: =IF(ISNUMBER(SEARCH("World",'RawData'!C81)),"",'RawData'!B81) -> Bismuth | C75: =IF(ISNUMBER(SEARCH("World",'RawData'!C81)),"",'RawData'!C81) -> Laos | D75: =IF(ISNUMBER(SEARCH("World",'RawData'!C81)),"",'RawData'!D81) -> Refinery production | E75: =IF(ISNUMBER(SEARCH("World",'RawData'!C81)),"",IF('RawData'!E81="WT001","kg",IF('RawData'!E81="WT002","ton",IF('RawData'!E81="WT003","k ton","")))) -> ton | F75: =IF(ISNUMBER(SEARCH("World",'RawData'!C81)),"",'RawData'!F81) -> 492 | G75: =IF(ISNUMBER(SEARCH("World",'RawData'!C81)),"",'RawData'!G81) -> 500 | H75: =IF(ISNUMBER(SEARCH("World",'RawData'!C81)),"",SUMIFS('RawData'!G:G,'RawData'!B:B,'RawData'!B81,'RawData'!C:C,"*World*")) -> 16000 | I75: =IF(ISNUMBER(SEARCH("World",'RawData'!C81)),"",IFERROR(G75/H75,"-")) -> 0.03125 | J75: =IF(ISNUMBER(SEARCH("World",'RawData'!C81)),"",IF(ISNUMBER(SEARCH("Other",C75)),COUNTIFS('RawData'!B:B,B75,'RawData'!C:C,"<>*World*"),IF(OR(G75="",G75=0),"-",SUMPRODUCT(('RawData'!B$2:B$822=B75)*('RawData'!G$2:G$822>G75)*(ISERROR(SEARCH("World",'RawData'!C$2:C$822)))*(ISERROR(SEARCH("Other",'RawData'!C$2:C$822))))+1))) -> 3 | K75: =IF(ISNUMBER(SEARCH("World",'RawData'!C81)),"",'RawData'!H81) -> 0 | L75: =IF(ISNUMBER(SEARCH("World",'RawData'!C81)),"",SUMIFS('RawData'!H:H,'RawData'!B:B,'RawData'!B81,'RawData'!C:C,"*World*")) -> 0 | M75: =IF(ISNUMBER(SEARCH("World",'RawData'!C81)),"",IFERROR(K75/L75,"-")) -> - | N75: =IF(ISNUMBER(SEARCH("World",'RawData'!C81)),"",IF(ISNUMBER(SEARCH("Other",C75)),COUNTIFS('RawData'!B:B,B75,'RawData'!C:C,"<>*World*"),IF(OR(K75="",K75=0),"-",SUMPRODUCT(('RawData'!B$2:B$822=B75)*('RawData'!H$2:H$822>K75)*(ISERROR(SEARCH("World",'RawData'!C$2:C$822)))*(ISERROR(SEARCH("Other",'RawData'!C$2:C$822))))+1))) -> -
A76: =IF(ISNUMBER(SEARCH("World",'RawData'!C82)),"",'RawData'!A82) -> MCS2026 | B76: =IF(ISNUMBER(SEARCH("World",'RawData'!C82)),"",'RawData'!B82) -> Bismuth | C76: =IF(ISNUMBER(SEARCH("World",'RawData'!C82)),"",'RawData'!C82) -> South Korea | D76: =IF(ISNUMBER(SEARCH("World",'RawData'!C82)),"",'RawData'!D82) -> Refinery production | E76: =IF(ISNUMBER(SEARCH("World",'RawData'!C82)),"",IF('RawData'!E82="WT001","kg",IF('RawData'!E82="WT002","ton",IF('RawData'!E82="WT003","k ton","")))) -> ton | F76: =IF(ISNUMBER(SEARCH("World",'RawData'!C82)),"",'RawData'!F82) -> 1000 | G76: =IF(ISNUMBER(SEARCH("World",'RawData'!C82)),"",'RawData'!G82) -> 1000 | H76: =IF(ISNUMBER(SEARCH("World",'RawData'!C82)),"",SUMIFS('RawData'!G:G,'RawData'!B:B,'RawData'!B82,'RawData'!C:C,"*World*")) -> 16000 | I76: =IF(ISNUMBER(SEARCH("World",'RawData'!C82)),"",IFERROR(G76/H76,"-")) -> 0.0625 | J76: =IF(ISNUMBER(SEARCH("World",'RawData'!C82)),"",IF(ISNUMBER(SEARCH("Other",C76)),COUNTIFS('RawData'!B:B,B76,'RawData'!C:C,"<>*World*"),IF(OR(G76="",G76=0),"-",SUMPRODUCT(('RawData'!B$2:B$822=B76)*('RawData'!G$2:G$822>G76)*(ISERROR(SEARCH("World",'RawData'!C$2:C$822)))*(ISERROR(SEARCH("Other",'RawData'!C$2:C$822))))+1))) -> 2 | K76: =IF(ISNUMBER(SEARCH("World",'RawData'!C82)),"",'RawData'!H82) -> 0 | L76: =IF(ISNUMBER(SEARCH("World",'RawData'!C82)),"",SUMIFS('RawData'!H:H,'RawData'!B:B,'RawData'!B82,'RawData'!C:C,"*World*")) -> 0 | M76: =IF(ISNUMBER(SEARCH("World",'RawData'!C82)),"",IFERROR(K76/L76,"-")) -> - | N76: =IF(ISNUMBER(SEARCH("World",'RawData'!C82)),"",IF(ISNUMBER(SEARCH("Other",C76)),COUNTIFS('RawData'!B:B,B76,'RawData'!C:C,"<>*World*"),IF(OR(K76="",K76=0),"-",SUMPRODUCT(('RawData'!B$2:B$822=B76)*('RawData'!H$2:H$822>K76)*(ISERROR(SEARCH("World",'RawData'!C$2:C$822)))*(ISERROR(SEARCH("Other",'RawData'!C$2:C$822))))+1))) -> -
A77: =IF(ISNUMBER(SEARCH("World",'RawData'!C83)),"",'RawData'!A83) -> MCS2026 | B77: =IF(ISNUMBER(SEARCH("World",'RawData'!C83)),"",'RawData'!B83) -> Bismuth | C77: =IF(ISNUMBER(SEARCH("World",'RawData'!C83)),"",'RawData'!C83) -> United States | D77: =IF(ISNUMBER(SEARCH("World",'RawData'!C83)),"",'RawData'!D83) -> Refinery production | E77: =IF(ISNUMBER(SEARCH("World",'RawData'!C83)),"",IF('RawData'!E83="WT001","kg",IF('RawData'!E83="WT002","ton",IF('RawData'!E83="WT003","k ton","")))) -> ton | F77: =IF(ISNUMBER(SEARCH("World",'RawData'!C83)),"",'RawData'!F83) -> 0 | G77: =IF(ISNUMBER(SEARCH("World",'RawData'!C83)),"",'RawData'!G83) -> 0 | H77: =IF(ISNUMBER(SEARCH("World",'RawData'!C83)),"",SUMIFS('RawData'!G:G,'RawData'!B:B,'RawData'!B83,'RawData'!C:C,"*World*")) -> 16000 | I77: =IF(ISNUMBER(SEARCH("World",'RawData'!C83)),"",IFERROR(G77/H77,"-")) -> 0 | J77: =IF(ISNUMBER(SEARCH("World",'RawData'!C83)),"",IF(ISNUMBER(SEARCH("Other",C77)),COUNTIFS('RawData'!B:B,B77,'RawData'!C:C,"<>*World*"),IF(OR(G77="",G77=0),"-",SUMPRODUCT(('RawData'!B$2:B$822=B77)*('RawData'!G$2:G$822>G77)*(ISERROR(SEARCH("World",'RawData'!C$2:C$822)))*(ISERROR(SEARCH("Other",'RawData'!C$2:C$822))))+1))) -> - | K77: =IF(ISNUMBER(SEARCH("World",'RawData'!C83)),"",'RawData'!H83) -> 0 | L77: =IF(ISNUMBER(SEARCH("World",'RawData'!C83)),"",SUMIFS('RawData'!H:H,'RawData'!B:B,'RawData'!B83,'RawData'!C:C,"*World*")) -> 0 | M77: =IF(ISNUMBER(SEARCH("World",'RawData'!C83)),"",IFERROR(K77/L77,"-")) -> - | N77: =IF(ISNUMBER(SEARCH("World",'RawData'!C83)),"",IF(ISNUMBER(SEARCH("Other",C77)),COUNTIFS('RawData'!B:B,B77,'RawData'!C:C,"<>*World*"),IF(OR(K77="",K77=0),"-",SUMPRODUCT(('RawData'!B$2:B$822=B77)*('RawData'!H$2:H$822>K77)*(ISERROR(SEARCH("World",'RawData'!C$2:C$822)))*(ISERROR(SEARCH("Other",'RawData'!C$2:C$822))))+1))) -> -
A78: =IF(ISNUMBER(SEARCH("World",'RawData'!C85)),"",'RawData'!A85) -> MCS2026 | B78: =IF(ISNUMBER(SEARCH("World",'RawData'!C85)),"",'RawData'!B85) -> Boron | C78: =IF(ISNUMBER(SEARCH("World",'RawData'!C85)),"",'RawData'!C85) -> Argentina | D78: =IF(ISNUMBER(SEARCH("World",'RawData'!C85)),"",'RawData'!D85) -> Boron all types | E78: =IF(ISNUMBER(SEARCH("World",'RawData'!C85)),"",IF('RawData'!E85="WT001","kg",IF('RawData'!E85="WT002","ton",IF('RawData'!E85="WT003","k ton","")))) -> k ton | F78: =IF(ISNUMBER(SEARCH("World",'RawData'!C85)),"",'RawData'!F85) -> 160 | G78: =IF(ISNUMBER(SEARCH("World",'RawData'!C85)),"",'RawData'!G85) -> 170 | H78: =IF(ISNUMBER(SEARCH("World",'RawData'!C85)),"",SUMIFS('RawData'!G:G,'RawData'!B:B,'RawData'!B85,'RawData'!C:C,"*World*")) -> 0 | I78: =IF(ISNUMBER(SEARCH("World",'RawData'!C85)),"",IFERROR(G78/H78,"-")) -> - | J78: =IF(ISNUMBER(SEARCH("World",'RawData'!C85)),"",IF(ISNUMBER(SEARCH("Other",C78)),COUNTIFS('RawData'!B:B,B78,'RawData'!C:C,"<>*World*"),IF(OR(G78="",G78=0),"-",SUMPRODUCT(('RawData'!B$2:B$822=B78)*('RawData'!G$2:G$822>G78)*(ISERROR(SEARCH("World",'RawData'!C$2:C$822)))*(ISERROR(SEARCH("Other",'RawData'!C$2:C$822))))+1))) -> 6 | K78: =IF(ISNUMBER(SEARCH("World",'RawData'!C85)),"",'RawData'!H85) -> 0 | L78: =IF(ISNUMBER(SEARCH("World",'RawData'!C85)),"",SUMIFS('RawData'!H:H,'RawData'!B:B,'RawData'!B85,'RawData'!C:C,"*World*")) -> 0 | M78: =IF(ISNUMBER(SEARCH("World",'RawData'!C85)),"",IFERROR(K78/L78,"-")) -> - | N78: =IF(ISNUMBER(SEARCH("World",'RawData'!C85)),"",IF(ISNUMBER(SEARCH("Other",C78)),COUNTIFS('RawData'!B:B,B78,'RawData'!C:C,"<>*World*"),IF(OR(K78="",K78=0),"-",SUMPRODUCT(('RawData'!B$2:B$822=B78)*('RawData'!H$2:H$822>K78)*(ISERROR(SEARCH("World",'RawData'!C$2:C$822)))*(ISERROR(SEARCH("Other",'RawData'!C$2:C$822))))+1))) -> -
A79: =IF(ISNUMBER(SEARCH("World",'RawData'!C86)),"",'RawData'!A86) -> MCS2026 | B79: =IF(ISNUMBER(SEARCH("World",'RawData'!C86)),"",'RawData'!B86) -> Boron | C79: =IF(ISNUMBER(SEARCH("World",'RawData'!C86)),"",'RawData'!C86) -> Bolivia | D79: =IF(ISNUMBER(SEARCH("World",'RawData'!C86)),"",'RawData'!D86) -> Boron all types | E79: =IF(ISNUMBER(SEARCH("World",'RawData'!C86)),"",IF('RawData'!E86="WT001","kg",IF('RawData'!E86="WT002","ton",IF('RawData'!E86="WT003","k ton","")))) -> k ton | F79: =IF(ISNUMBER(SEARCH("World",'RawData'!C86)),"",'RawData'!F86) -> 230 | G79: =IF(ISNUMBER(SEARCH("World",'RawData'!C86)),"",'RawData'!G86) -> 380 | H79: =IF(ISNUMBER(SEARCH("World",'RawData'!C86)),"",SUMIFS('RawData'!G:G,'RawData'!B:B,'RawData'!B86,'RawData'!C:C,"*World*")) -> 0 | I79: =IF(ISNUMBER(SEARCH("World",'RawData'!C86)),"",IFERROR(G79/H79,"-")) -> - | J79: =IF(ISNUMBER(SEARCH("World",'RawData'!C86)),"",IF(ISNUMBER(SEARCH("Other",C79)),COUNTIFS('RawData'!B:B,B79,'RawData'!C:C,"<>*World*"),IF(OR(G79="",G79=0),"-",SUMPRODUCT(('RawData'!B$2:B$822=B79)*('RawData'!G$2:G$822>G79)*(ISERROR(SEARCH("World",'RawData'!C$2:C$822)))*(ISERROR(SEARCH("Other",'RawData'!C$2:C$822))))+1))) -> 2 | K79: =IF(ISNUMBER(SEARCH("World",'RawData'!C86)),"",'RawData'!H86) -> 0 | L79: =IF(ISNUMBER(SEARCH("World",'RawData'!C86)),"",SUMIFS('RawData'!H:H,'RawData'!B:B,'RawData'!B86,'RawData'!C:C,"*World*")) -> 0 | M79: =IF(ISNUMBER(SEARCH("World",'RawData'!C86)),"",IFERROR(K79/L79,"-")) -> - | N79: =IF(ISNUMBER(SEARCH("World",'RawData'!C86)),"",IF(ISNUMBER(SEARCH("Other",C79)),COUNTIFS('RawData'!B:B,B79,'RawData'!C:C,"<>*World*"),IF(OR(K79="",K79=0),"-",SUMPRODUCT(('RawData'!B$2:B$822=B79)*('RawData'!H$2:H$822>K79)*(ISERROR(SEARCH("World",'RawData'!C$2:C$822)))*(ISERROR(SEARCH("Other",'RawData'!C$2:C$822))))+1))) -> -
A80: =IF(ISNUMBER(SEARCH("World",'RawData'!C87)),"",'RawData'!A87) -> MCS2026 | B80: =IF(ISNUMBER(SEARCH("World",'RawData'!C87)),"",'RawData'!B87) -> Boron | C80: =IF(ISNUMBER(SEARCH("World",'RawData'!C87)),"",'RawData'!C87) -> Chile | D80: =IF(ISNUMBER(SEARCH("World",'RawData'!C87)),"",'RawData'!D87) -> Boron all types | E80: =IF(ISNUMBER(SEARCH("World",'RawData'!C87)),"",IF('RawData'!E87="WT001","kg",IF('RawData'!E87="WT002","ton",IF('RawData'!E87="WT003","k ton","")))) -> k ton | F80: =IF(ISNUMBER(SEARCH("World",'RawData'!C87)),"",'RawData'!F87) -> 470 | G80: =IF(ISNUMBER(SEARCH("World",'RawData'!C87)),"",'RawData'!G87) -> 300 | H80: =IF(ISNUMBER(SEARCH("World",'RawData'!C87)),"",SUMIFS('RawData'!G:G,'RawData'!B:B,'RawData'!B87,'RawData'!C:C,"*World*")) -> 0 | I80: =IF(ISNUMBER(SEARCH("World",'RawData'!C87)),"",IFERROR(G80/H80,"-")) -> - | J80: =IF(ISNUMBER(SEARCH("World",'RawData'!C87)),"",IF(ISNUMBER(SEARCH("Other",C80)),COUNTIFS('RawData'!B:B,B80,'RawData'!C:C,"<>*World*"),IF(OR(G80="",G80=0),"-",SUMPRODUCT(('RawData'!B$2:B$822=B80)*('RawData'!G$2:G$822>G80)*(ISERROR(SEARCH("World",'RawData'!C$2:C$822)))*(ISERROR(SEARCH("Other",'RawData'!C$2:C$822))))+1))) -> 3 | K80: =IF(ISNUMBER(SEARCH("World",'RawData'!C87)),"",'RawData'!H87) -> 35000 | L80: =IF(ISNUMBER(SEARCH("World",'RawData'!C87)),"",SUMIFS('RawData'!H:H,'RawData'!B:B,'RawData'!B87,'RawData'!C:C,"*World*")) -> 0 | M80: =IF(ISNUMBER(SEARCH("World",'RawData'!C87)),"",IFERROR(K80/L80,"-")) -> - | N80: =IF(ISNUMBER(SEARCH("World",'RawData'!C87)),"",IF(ISNUMBER(SEARCH("Other",C80)),COUNTIFS('RawData'!B:B,B80,'RawData'!C:C,"<>*World*"),IF(OR(K80="",K80=0),"-",SUMPRODUCT(('RawData'!B$2:B$822=B80)*('RawData'!H$2:H$822>K80)*(ISERROR(SEARCH("World",'RawData'!C$2:C$822)))*(ISERROR(SEARCH("Other",'RawData'!C$2:C$822))))+1))) -> 4
A81: =IF(ISNUMBER(SEARCH("World",'RawData'!C88)),"",'RawData'!A88) -> MCS2026 | B81: =IF(ISNUMBER(SEARCH("World",'RawData'!C88)),"",'RawData'!B88) -> Boron | C81: =IF(ISNUMBER(SEARCH("World",'RawData'!C88)),"",'RawData'!C88) -> China | D81: =IF(ISNUMBER(SEARCH("World",'RawData'!C88)),"",'RawData'!D88) -> Boron all types | E81: =IF(ISNUMBER(SEARCH("World",'RawData'!C88)),"",IF('RawData'!E88="WT001","kg",IF('RawData'!E88="WT002","ton",IF('RawData'!E88="WT003","k ton","")))) -> k ton | F81: =IF(ISNUMBER(SEARCH("World",'RawData'!C88)),"",'RawData'!F88) -> 210 | G81: =IF(ISNUMBER(SEARCH("World",'RawData'!C88)),"",'RawData'!G88) -> 230 | H81: =IF(ISNUMBER(SEARCH("World",'RawData'!C88)),"",SUMIFS('RawData'!G:G,'RawData'!B:B,'RawData'!B88,'RawData'!C:C,"*World*")) -> 0 | I81: =IF(ISNUMBER(SEARCH("World",'RawData'!C88)),"",IFERROR(G81/H81,"-")) -> - | J81: =IF(ISNUMBER(SEARCH("World",'RawData'!C88)),"",IF(ISNUMBER(SEARCH("Other",C81)),COUNTIFS('RawData'!B:B,B81,'RawData'!C:C,"<>*World*"),IF(OR(G81="",G81=0),"-",SUMPRODUCT(('RawData'!B$2:B$822=B81)*('RawData'!G$2:G$822>G81)*(ISERROR(SEARCH("World",'RawData'!C$2:C$822)))*(ISERROR(SEARCH("Other",'RawData'!C$2:C$822))))+1))) -> 4 | K81: =IF(ISNUMBER(SEARCH("World",'RawData'!C88)),"",'RawData'!H88) -> 9100 | L81: =IF(ISNUMBER(SEARCH("World",'RawData'!C88)),"",SUMIFS('RawData'!H:H,'RawData'!B:B,'RawData'!B88,'RawData'!C:C,"*World*")) -> 0 | M81: =IF(ISNUMBER(SEARCH("World",'RawData'!C88)),"",IFERROR(K81/L81,"-")) -> - | N81: =IF(ISNUMBER(SEARCH("World",'RawData'!C88)),"",IF(ISNUMBER(SEARCH("Other",C81)),COUNTIFS('RawData'!B:B,B81,'RawData'!C:C,"<>*World*"),IF(OR(K81="",K81=0),"-",SUMPRODUCT(('RawData'!B$2:B$822=B81)*('RawData'!H$2:H$822>K81)*(ISERROR(SEARCH("World",'RawData'!C$2:C$822)))*(ISERROR(SEARCH("Other",'RawData'!C$2:C$822))))+1))) -> 5
A82: =IF(ISNUMBER(SEARCH("World",'RawData'!C89)),"",'RawData'!A89) -> MCS2026 | B82: =IF(ISNUMBER(SEARCH("World",'RawData'!C89)),"",'RawData'!B89) -> Boron | C82: =IF(ISNUMBER(SEARCH("World",'RawData'!C89)),"",'RawData'!C89) -> Germany | D82: =IF(ISNUMBER(SEARCH("World",'RawData'!C89)),"",'RawData'!D89) -> Boron all types | E82: =IF(ISNUMBER(SEARCH("World",'RawData'!C89)),"",IF('RawData'!E89="WT001","kg",IF('RawData'!E89="WT002","ton",IF('RawData'!E89="WT003","k ton","")))) -> k ton | F82: =IF(ISNUMBER(SEARCH("World",'RawData'!C89)),"",'RawData'!F89) -> 45 | G82: =IF(ISNUMBER(SEARCH("World",'RawData'!C89)),"",'RawData'!G89) -> 40 | H82: =IF(ISNUMBER(SEARCH("World",'RawData'!C89)),"",SUMIFS('RawData'!G:G,'RawData'!B:B,'RawData'!B89,'RawData'!C:C,"*World*")) -> 0 | I82: =IF(ISNUMBER(SEARCH("World",'RawData'!C89)),"",IFERROR(G82/H82,"-")) -> - | J82: =IF(ISNUMBER(SEARCH("World",'RawData'!C89)),"",IF(ISNUMBER(SEARCH("Other",C82)),COUNTIFS('RawData'!B:B,B82,'RawData'!C:C,"<>*World*"),IF(OR(G82="",G82=0),"-",SUMPRODUCT(('RawData'!B$2:B$822=B82)*('RawData'!G$2:G$822>G82)*(ISERROR(SEARCH("World",'RawData'!C$2:C$822)))*(ISERROR(SEARCH("Other",'RawData'!C$2:C$822))))+1))) -> 8 | K82: =IF(ISNUMBER(SEARCH("World",'RawData'!C89)),"",'RawData'!H89) -> 0 | L82: =IF(ISNUMBER(SEARCH("World",'RawData'!C89)),"",SUMIFS('RawData'!H:H,'RawData'!B:B,'RawData'!B89,'RawData'!C:C,"*World*")) -> 0 | M82: =IF(ISNUMBER(SEARCH("World",'RawData'!C89)),"",IFERROR(K82/L82,"-")) -> - | N82: =IF(ISNUMBER(SEARCH("World",'RawData'!C89)),"",IF(ISNUMBER(SEARCH("Other",C82)),COUNTIFS('RawData'!B:B,B82,'RawData'!C:C,"<>*World*"),IF(OR(K82="",K82=0),"-",SUMPRODUCT(('RawData'!B$2:B$822=B82)*('RawData'!H$2:H$822>K82)*(ISERROR(SEARCH("World",'RawData'!C$2:C$822)))*(ISERROR(SEARCH("Other",'RawData'!C$2:C$822))))+1))) -> -
A83: =IF(ISNUMBER(SEARCH("World",'RawData'!C90)),"",'RawData'!A90) -> MCS2026 | B83: =IF(ISNUMBER(SEARCH("World",'RawData'!C90)),"",'RawData'!B90) -> Boron | C83: =IF(ISNUMBER(SEARCH("World",'RawData'!C90)),"",'RawData'!C90) -> Peru | D83: =IF(ISNUMBER(SEARCH("World",'RawData'!C90)),"",'RawData'!D90) -> Boron all types | E83: =IF(ISNUMBER(SEARCH("World",'RawData'!C90)),"",IF('RawData'!E90="WT001","kg",IF('RawData'!E90="WT002","ton",IF('RawData'!E90="WT003","k ton","")))) -> k ton | F83: =IF(ISNUMBER(SEARCH("World",'RawData'!C90)),"",'RawData'!F90) -> 190 | G83: =IF(ISNUMBER(SEARCH("World",'RawData'!C90)),"",'RawData'!G90) -> 220 | H83: =IF(ISNUMBER(SEARCH("World",'RawData'!C90)),"",SUMIFS('RawData'!G:G,'RawData'!B:B,'RawData'!B90,'RawData'!C:C,"*World*")) -> 0 | I83: =IF(ISNUMBER(SEARCH("World",'RawData'!C90)),"",IFERROR(G83/H83,"-")) -> - | J83: =IF(ISNUMBER(SEARCH("World",'RawData'!C90)),"",IF(ISNUMBER(SEARCH("Other",C83)),COUNTIFS('RawData'!B:B,B83,'RawData'!C:C,"<>*World*"),IF(OR(G83="",G83=0),"-",SUMPRODUCT(('RawData'!B$2:B$822=B83)*('RawData'!G$2:G$822>G83)*(ISERROR(SEARCH("World",'RawData'!C$2:C$822)))*(ISERROR(SEARCH("Other",'RawData'!C$2:C$822))))+1))) -> 5 | K83: =IF(ISNUMBER(SEARCH("World",'RawData'!C90)),"",'RawData'!H90) -> 4000 | L83: =IF(ISNUMBER(SEARCH("World",'RawData'!C90)),"",SUMIFS('RawData'!H:H,'RawData'!B:B,'RawData'!B90,'RawData'!C:C,"*World*")) -> 0 | M83: =IF(ISNUMBER(SEARCH("World",'RawData'!C90)),"",IFERROR(K83/L83,"-")) -> - | N83: =IF(ISNUMBER(SEARCH("World",'RawData'!C90)),"",IF(ISNUMBER(SEARCH("Other",C83)),COUNTIFS('RawData'!B:B,B83,'RawData'!C:C,"<>*World*"),IF(OR(K83="",K83=0),"-",SUMPRODUCT(('RawData'!B$2:B$822=B83)*('RawData'!H$2:H$822>K83)*(ISERROR(SEARCH("World",'RawData'!C$2:C$822)))*(ISERROR(SEARCH("Other",'RawData'!C$2:C$822))))+1))) -> 6
A84: =IF(ISNUMBER(SEARCH("World",'RawData'!C91)),"",'RawData'!A91) -> MCS2026 | B84: =IF(ISNUMBER(SEARCH("World",'RawData'!C91)),"",'RawData'!B91) -> Boron | C84: =IF(ISNUMBER(SEARCH("World",'RawData'!C91)),"",'RawData'!C91) -> Turkiye | D84: =IF(ISNUMBER(SEARCH("World",'RawData'!C91)),"",'RawData'!D91) -> Boron all types | E84: =IF(ISNUMBER(SEARCH("World",'RawData'!C91)),"",IF('RawData'!E91="WT001","kg",IF('RawData'!E91="WT002","ton",IF('RawData'!E91="WT003","k ton","")))) -> k ton | F84: =IF(ISNUMBER(SEARCH("World",'RawData'!C91)),"",'RawData'!F91) -> 1800 | G84: =IF(ISNUMBER(SEARCH("World",'RawData'!C91)),"",'RawData'!G91) -> 1500 | H84: =IF(ISNUMBER(SEARCH("World",'RawData'!C91)),"",SUMIFS('RawData'!G:G,'RawData'!B:B,'RawData'!B91,'RawData'!C:C,"*World*")) -> 0 | I84: =IF(ISNUMBER(SEARCH("World",'RawData'!C91)),"",IFERROR(G84/H84,"-")) -> - | J84: =IF(ISNUMBER(SEARCH("World",'RawData'!C91)),"",IF(ISNUMBER(SEARCH("Other",C84)),COUNTIFS('RawData'!B:B,B84,'RawData'!C:C,"<>*World*"),IF(OR(G84="",G84=0),"-",SUMPRODUCT(('RawData'!B$2:B$822=B84)*('RawData'!G$2:G$822>G84)*(ISERROR(SEARCH("World",'RawData'!C$2:C$822)))*(ISERROR(SEARCH("Other",'RawData'!C$2:C$822))))+1))) -> 1 | K84: =IF(ISNUMBER(SEARCH("World",'RawData'!C91)),"",'RawData'!H91) -> 950000 | L84: =IF(ISNUMBER(SEARCH("World",'RawData'!C91)),"",SUMIFS('RawData'!H:H,'RawData'!B:B,'RawData'!B91,'RawData'!C:C,"*World*")) -> 0 | M84: =IF(ISNUMBER(SEARCH("World",'RawData'!C91)),"",IFERROR(K84/L84,"-")) -> - | N84: =IF(ISNUMBER(SEARCH("World",'RawData'!C91)),"",IF(ISNUMBER(SEARCH("Other",C84)),COUNTIFS('RawData'!B:B,B84,'RawData'!C:C,"<>*World*"),IF(OR(K84="",K84=0),"-",SUMPRODUCT(('RawData'!B$2:B$822=B84)*('RawData'!H$2:H$822>K84)*(ISERROR(SEARCH("World",'RawData'!C$2:C$822)))*(ISERROR(SEARCH("Other",'RawData'!C$2:C$822))))+1))) -> 1
A85: =IF(ISNUMBER(SEARCH("World",'RawData'!C92)),"",'RawData'!A92) -> MCS2026 | B85: =IF(ISNUMBER(SEARCH("World",'RawData'!C92)),"",'RawData'!B92) -> Boron | C85: =IF(ISNUMBER(SEARCH("World",'RawData'!C92)),"",'RawData'!C92) -> Russia | D85: =IF(ISNUMBER(SEARCH("World",'RawData'!C92)),"",'RawData'!D92) -> Boron all types | E85: =IF(ISNUMBER(SEARCH("World",'RawData'!C92)),"",IF('RawData'!E92="WT001","kg",IF('RawData'!E92="WT002","ton",IF('RawData'!E92="WT003","k ton","")))) -> k ton | F85: =IF(ISNUMBER(SEARCH("World",'RawData'!C92)),"",'RawData'!F92) -> 90 | G85: =IF(ISNUMBER(SEARCH("World",'RawData'!C92)),"",'RawData'!G92) -> 80 | H85: =IF(ISNUMBER(SEARCH("World",'RawData'!C92)),"",SUMIFS('RawData'!G:G,'RawData'!B:B,'RawData'!B92,'RawData'!C:C,"*World*")) -> 0 | I85: =IF(ISNUMBER(SEARCH("World",'RawData'!C92)),"",IFERROR(G85/H85,"-")) -> - | J85: =IF(ISNUMBER(SEARCH("World",'RawData'!C92)),"",IF(ISNUMBER(SEARCH("Other",C85)),COUNTIFS('RawData'!B:B,B85,'RawData'!C:C,"<>*World*"),IF(OR(G85="",G85=0),"-",SUMPRODUCT(('RawData'!B$2:B$822=B85)*('RawData'!G$2:G$822>G85)*(ISERROR(SEARCH("World",'RawData'!C$2:C$822)))*(ISERROR(SEARCH("Other",'RawData'!C$2:C$822))))+1))) -> 7 | K85: =IF(ISNUMBER(SEARCH("World",'RawData'!C92)),"",'RawData'!H92) -> 40000 | L85: =IF(ISNUMBER(SEARCH("World",'RawData'!C92)),"",SUMIFS('RawData'!H:H,'RawData'!B:B,'RawData'!B92,'RawData'!C:C,"*World*")) -> 0 | M85: =IF(ISNUMBER(SEARCH("World",'RawData'!C92)),"",IFERROR(K85/L85,"-")) -> - | N85: =IF(ISNUMBER(SEARCH("World",'RawData'!C92)),"",IF(ISNUMBER(SEARCH("Other",C85)),COUNTIFS('RawData'!B:B,B85,'RawData'!C:C,"<>*World*"),IF(OR(K85="",K85=0),"-",SUMPRODUCT(('RawData'!B$2:B$822=B85)*('RawData'!H$2:H$822>K85)*(ISERROR(SEARCH("World",'RawData'!C$2:C$822)))*(ISERROR(SEARCH("Other",'RawData'!C$2:C$822))))+1))) -> 3
A86: =IF(ISNUMBER(SEARCH("World",'RawData'!C93)),"",'RawData'!A93) -> MCS2026 | B86: =IF(ISNUMBER(SEARCH("World",'RawData'!C93)),"",'RawData'!B93) -> Boron | C86: =IF(ISNUMBER(SEARCH("World",'RawData'!C93)),"",'RawData'!C93) -> United States | D86: =IF(ISNUMBER(SEARCH("World",'RawData'!C93)),"",'RawData'!D93) -> Boron all types | E86: =IF(ISNUMBER(SEARCH("World",'RawData'!C93)),"",IF('RawData'!E93="WT001","kg",IF('RawData'!E93="WT002","ton",IF('RawData'!E93="WT003","k ton","")))) -> k ton | F86: =IF(ISNUMBER(SEARCH("World",'RawData'!C93)),"",'RawData'!F93) -> 0 | G86: =IF(ISNUMBER(SEARCH("World",'RawData'!C93)),"",'RawData'!G93) -> 0 | H86: =IF(ISNUMBER(SEARCH("World",'RawData'!C93)),"",SUMIFS('RawData'!G:G,'RawData'!B:B,'RawData'!B93,'RawData'!C:C,"*World*")) -> 0 | I86: =IF(ISNUMBER(SEARCH("World",'RawData'!C93)),"",IFERROR(G86/H86,"-")) -> - | J86: =IF(ISNUMBER(SEARCH("World",'RawData'!C93)),"",IF(ISNUMBER(SEARCH("Other",C86)),COUNTIFS('RawData'!B:B,B86,'RawData'!C:C,"<>*World*"),IF(OR(G86="",G86=0),"-",SUMPRODUCT(('RawData'!B$2:B$822=B86)*('RawData'!G$2:G$822>G86)*(ISERROR(SEARCH("World",'RawData'!C$2:C$822)))*(ISERROR(SEARCH("Other",'RawData'!C$2:C$822))))+1))) -> - | K86: =IF(ISNUMBER(SEARCH("World",'RawData'!C93)),"",'RawData'!H93) -> 48000 | L86: =IF(ISNUMBER(SEARCH("World",'RawData'!C93)),"",SUMIFS('RawData'!H:H,'RawData'!B:B,'RawData'!B93,'RawData'!C:C,"*World*")) -> 0 | M86: =IF(ISNUMBER(SEARCH("World",'RawData'!C93)),"",IFERROR(K86/L86,"-")) -> - | N86: =IF(ISNUMBER(SEARCH("World",'RawData'!C93)),"",IF(ISNUMBER(SEARCH("Other",C86)),COUNTIFS('RawData'!B:B,B86,'RawData'!C:C,"<>*World*"),IF(OR(K86="",K86=0),"-",SUMPRODUCT(('RawData'!B$2:B$822=B86)*('RawData'!H$2:H$822>K86)*(ISERROR(SEARCH("World",'RawData'!C$2:C$822)))*(ISERROR(SEARCH("Other",'RawData'!C$2:C$822))))+1))) -> 2
A87: =IF(ISNUMBER(SEARCH("World",'RawData'!C95)),"",'RawData'!A95) -> MCS2026 | B87: =IF(ISNUMBER(SEARCH("World",'RawData'!C95)),"",'RawData'!B95) -> Bromine | C87: =IF(ISNUMBER(SEARCH("World",'RawData'!C95)),"",'RawData'!C95) -> China | D87: =IF(ISNUMBER(SEARCH("World",'RawData'!C95)),"",'RawData'!D95) -> Production, bromine content, estimated | E87: =IF(ISNUMBER(SEARCH("World",'RawData'!C95)),"",IF('RawData'!E95="WT001","kg",IF('RawData'!E95="WT002","ton",IF('RawData'!E95="WT003","k ton","")))) -> ton | F87: =IF(ISNUMBER(SEARCH("World",'RawData'!C95)),"",'RawData'!F95) -> 100000 | G87: =IF(ISNUMBER(SEARCH("World",'RawData'!C95)),"",'RawData'!G95) -> 90000 | H87: =IF(ISNUMBER(SEARCH("World",'RawData'!C95)),"",SUMIFS('RawData'!G:G,'RawData'!B:B,'RawData'!B95,'RawData'!C:C,"*World*")) -> 430000 | I87: =IF(ISNUMBER(SEARCH("World",'RawData'!C95)),"",IFERROR(G87/H87,"-")) -> 0.20930233 | J87: =IF(ISNUMBER(SEARCH("World",'RawData'!C95)),"",IF(ISNUMBER(SEARCH("Other",C87)),COUNTIFS('RawData'!B:B,B87,'RawData'!C:C,"<>*World*"),IF(OR(G87="",G87=0),"-",SUMPRODUCT(('RawData'!B$2:B$822=B87)*('RawData'!G$2:G$822>G87)*(ISERROR(SEARCH("World",'RawData'!C$2:C$822)))*(ISERROR(SEARCH("Other",'RawData'!C$2:C$822))))+1))) -> 3 | K87: =IF(ISNUMBER(SEARCH("World",'RawData'!C95)),"",'RawData'!H95) -> 130000 | L87: =IF(ISNUMBER(SEARCH("World",'RawData'!C95)),"",SUMIFS('RawData'!H:H,'RawData'!B:B,'RawData'!B95,'RawData'!C:C,"*World*")) -> 0 | M87: =IF(ISNUMBER(SEARCH("World",'RawData'!C95)),"",IFERROR(K87/L87,"-")) -> - | N87: =IF(ISNUMBER(SEARCH("World",'RawData'!C95)),"",IF(ISNUMBER(SEARCH("Other",C87)),COUNTIFS('RawData'!B:B,B87,'RawData'!C:C,"<>*World*"),IF(OR(K87="",K87=0),"-",SUMPRODUCT(('RawData'!B$2:B$822=B87)*('RawData'!H$2:H$822>K87)*(ISERROR(SEARCH("World",'RawData'!C$2:C$822)))*(ISERROR(SEARCH("Other",'RawData'!C$2:C$822))))+1))) -> 3
A88: =IF(ISNUMBER(SEARCH("World",'RawData'!C96)),"",'RawData'!A96) -> MCS2026 | B88: =IF(ISNUMBER(SEARCH("World",'RawData'!C96)),"",'RawData'!B96) -> Bromine | C88: =IF(ISNUMBER(SEARCH("World",'RawData'!C96)),"",'RawData'!C96) -> India | D88: =IF(ISNUMBER(SEARCH("World",'RawData'!C96)),"",'RawData'!D96) -> Production, bromine content, estimated | E88: =IF(ISNUMBER(SEARCH("World",'RawData'!C96)),"",IF('RawData'!E96="WT001","kg",IF('RawData'!E96="WT002","ton",IF('RawData'!E96="WT003","k ton","")))) -> ton | F88: =IF(ISNUMBER(SEARCH("World",'RawData'!C96)),"",'RawData'!F96) -> 7000 | G88: =IF(ISNUMBER(SEARCH("World",'RawData'!C96)),"",'RawData'!G96) -> 7000 | H88: =IF(ISNUMBER(SEARCH("World",'RawData'!C96)),"",SUMIFS('RawData'!G:G,'RawData'!B:B,'RawData'!B96,'RawData'!C:C,"*World*")) -> 430000 | I88: =IF(ISNUMBER(SEARCH("World",'RawData'!C96)),"",IFERROR(G88/H88,"-")) -> 0.01627907 | J88: =IF(ISNUMBER(SEARCH("World",'RawData'!C96)),"",IF(ISNUMBER(SEARCH("Other",C88)),COUNTIFS('RawData'!B:B,B88,'RawData'!C:C,"<>*World*"),IF(OR(G88="",G88=0),"-",SUMPRODUCT(('RawData'!B$2:B$822=B88)*('RawData'!G$2:G$822>G88)*(ISERROR(SEARCH("World",'RawData'!C$2:C$822)))*(ISERROR(SEARCH("Other",'RawData'!C$2:C$822))))+1))) -> 5 | K88: =IF(ISNUMBER(SEARCH("World",'RawData'!C96)),"",'RawData'!H96) -> 0 | L88: =IF(ISNUMBER(SEARCH("World",'RawData'!C96)),"",SUMIFS('RawData'!H:H,'RawData'!B:B,'RawData'!B96,'RawData'!C:C,"*World*")) -> 0 | M88: =IF(ISNUMBER(SEARCH("World",'RawData'!C96)),"",IFERROR(K88/L88,"-")) -> - | N88: =IF(ISNUMBER(SEARCH("World",'RawData'!C96)),"",IF(ISNUMBER(SEARCH("Other",C88)),COUNTIFS('RawData'!B:B,B88,'RawData'!C:C,"<>*World*"),IF(OR(K88="",K88=0),"-",SUMPRODUCT(('RawData'!B$2:B$822=B88)*('RawData'!H$2:H$822>K88)*(ISERROR(SEARCH("World",'RawData'!C$2:C$822)))*(ISERROR(SEARCH("Other",'RawData'!C$2:C$822))))+1))) -> -
A89: =IF(ISNUMBER(SEARCH("World",'RawData'!C97)),"",'RawData'!A97) -> MCS2026 | B89: =IF(ISNUMBER(SEARCH("World",'RawData'!C97)),"",'RawData'!B97) -> Bromine | C89: =IF(ISNUMBER(SEARCH("World",'RawData'!C97)),"",'RawData'!C97) -> Israel | D89: =IF(ISNUMBER(SEARCH("World",'RawData'!C97)),"",'RawData'!D97) -> Production, bromine content, estimated | E89: =IF(ISNUMBER(SEARCH("World",'RawData'!C97)),"",IF('RawData'!E97="WT001","kg",IF('RawData'!E97="WT002","ton",IF('RawData'!E97="WT003","k ton","")))) -> ton | F89: =IF(ISNUMBER(SEARCH("World",'RawData'!C97)),"",'RawData'!F97) -> 190000 | G89: =IF(ISNUMBER(SEARCH("World",'RawData'!C97)),"",'RawData'!G97) -> 200000 | H89: =IF(ISNUMBER(SEARCH("World",'RawData'!C97)),"",SUMIFS('RawData'!G:G,'RawData'!B:B,'RawData'!B97,'RawData'!C:C,"*World*")) -> 430000 | I89: =IF(ISNUMBER(SEARCH("World",'RawData'!C97)),"",IFERROR(G89/H89,"-")) -> 0.46511628 | J89: =IF(ISNUMBER(SEARCH("World",'RawData'!C97)),"",IF(ISNUMBER(SEARCH("Other",C89)),COUNTIFS('RawData'!B:B,B89,'RawData'!C:C,"<>*World*"),IF(OR(G89="",G89=0),"-",SUMPRODUCT(('RawData'!B$2:B$822=B89)*('RawData'!G$2:G$822>G89)*(ISERROR(SEARCH("World",'RawData'!C$2:C$822)))*(ISERROR(SEARCH("Other",'RawData'!C$2:C$822))))+1))) -> 1 | K89: =IF(ISNUMBER(SEARCH("World",'RawData'!C97)),"",'RawData'!H97) -> 0 | L89: =IF(ISNUMBER(SEARCH("World",'RawData'!C97)),"",SUMIFS('RawData'!H:H,'RawData'!B:B,'RawData'!B97,'RawData'!C:C,"*World*")) -> 0 | M89: =IF(ISNUMBER(SEARCH("World",'RawData'!C97)),"",IFERROR(K89/L89,"-")) -> - | N89: =IF(ISNUMBER(SEARCH("World",'RawData'!C97)),"",IF(ISNUMBER(SEARCH("Other",C89)),COUNTIFS('RawData'!B:B,B89,'RawData'!C:C,"<>*World*"),IF(OR(K89="",K89=0),"-",SUMPRODUCT(('RawData'!B$2:B$822=B89)*('RawData'!H$2:H$822>K89)*(ISERROR(SEARCH("World",'RawData'!C$2:C$822)))*(ISERROR(SEARCH("Other",'RawData'!C$2:C$822))))+1))) -> -
A90: =IF(ISNUMBER(SEARCH("World",'RawData'!C98)),"",'RawData'!A98) -> MCS2026 | B90: =IF(ISNUMBER(SEARCH("World",'RawData'!C98)),"",'RawData'!B98) -> Bromine | C90: =IF(ISNUMBER(SEARCH("World",'RawData'!C98)),"",'RawData'!C98) -> Japan | D90: =IF(ISNUMBER(SEARCH("World",'RawData'!C98)),"",'RawData'!D98) -> Production, bromine content, estimated | E90: =IF(ISNUMBER(SEARCH("World",'RawData'!C98)),"",IF('RawData'!E98="WT001","kg",IF('RawData'!E98="WT002","ton",IF('RawData'!E98="WT003","k ton","")))) -> ton | F90: =IF(ISNUMBER(SEARCH("World",'RawData'!C98)),"",'RawData'!F98) -> 20000 | G90: =IF(ISNUMBER(SEARCH("World",'RawData'!C98)),"",'RawData'!G98) -> 20000 | H90: =IF(ISNUMBER(SEARCH("World",'RawData'!C98)),"",SUMIFS('RawData'!G:G,'RawData'!B:B,'RawData'!B98,'RawData'!C:C,"*World*")) -> 430000 | I90: =IF(ISNUMBER(SEARCH("World",'RawData'!C98)),"",IFERROR(G90/H90,"-")) -> 0.046511628 | J90: =IF(ISNUMBER(SEARCH("World",'RawData'!C98)),"",IF(ISNUMBER(SEARCH("Other",C90)),COUNTIFS('RawData'!B:B,B90,'RawData'!C:C,"<>*World*"),IF(OR(G90="",G90=0),"-",SUMPRODUCT(('RawData'!B$2:B$822=B90)*('RawData'!G$2:G$822>G90)*(ISERROR(SEARCH("World",'RawData'!C$2:C$822)))*(ISERROR(SEARCH("Other",'RawData'!C$2:C$822))))+1))) -> 4 | K90: =IF(ISNUMBER(SEARCH("World",'RawData'!C98)),"",'RawData'!H98) -> 0 | L90: =IF(ISNUMBER(SEARCH("World",'RawData'!C98)),"",SUMIFS('RawData'!H:H,'RawData'!B:B,'RawData'!B98,'RawData'!C:C,"*World*")) -> 0 | M90: =IF(ISNUMBER(SEARCH("World",'RawData'!C98)),"",IFERROR(K90/L90,"-")) -> - | N90: =IF(ISNUMBER(SEARCH("World",'RawData'!C98)),"",IF(ISNUMBER(SEARCH("Other",C90)),COUNTIFS('RawData'!B:B,B90,'RawData'!C:C,"<>*World*"),IF(OR(K90="",K90=0),"-",SUMPRODUCT(('RawData'!B$2:B$822=B90)*('RawData'!H$2:H$822>K90)*(ISERROR(SEARCH("World",'RawData'!C$2:C$822)))*(ISERROR(SEARCH("Other",'RawData'!C$2:C$822))))+1))) -> -
A91: =IF(ISNUMBER(SEARCH("World",'RawData'!C99)),"",'RawData'!A99) -> MCS2026 | B91: =IF(ISNUMBER(SEARCH("World",'RawData'!C99)),"",'RawData'!B99) -> Bromine | C91: =IF(ISNUMBER(SEARCH("World",'RawData'!C99)),"",'RawData'!C99) -> Jordan | D91: =IF(ISNUMBER(SEARCH("World",'RawData'!C99)),"",'RawData'!D99) -> Production, bromine content, estimated | E91: =IF(ISNUMBER(SEARCH("World",'RawData'!C99)),"",IF('RawData'!E99="WT001","kg",IF('RawData'!E99="WT002","ton",IF('RawData'!E99="WT003","k ton","")))) -> ton | F91: =IF(ISNUMBER(SEARCH("World",'RawData'!C99)),"",'RawData'!F99) -> 112000 | G91: =IF(ISNUMBER(SEARCH("World",'RawData'!C99)),"",'RawData'!G99) -> 110000 | H91: =IF(ISNUMBER(SEARCH("World",'RawData'!C99)),"",SUMIFS('RawData'!G:G,'RawData'!B:B,'RawData'!B99,'RawData'!C:C,"*World*")) -> 430000 | I91: =IF(ISNUMBER(SEARCH("World",'RawData'!C99)),"",IFERROR(G91/H91,"-")) -> 0.25581395 | J91: =IF(ISNUMBER(SEARCH("World",'RawData'!C99)),"",IF(ISNUMBER(SEARCH("Other",C91)),COUNTIFS('RawData'!B:B,B91,'RawData'!C:C,"<>*World*"),IF(OR(G91="",G91=0),"-",SUMPRODUCT(('RawData'!B$2:B$822=B91)*('RawData'!G$2:G$822>G91)*(ISERROR(SEARCH("World",'RawData'!C$2:C$822)))*(ISERROR(SEARCH("Other",'RawData'!C$2:C$822))))+1))) -> 2 | K91: =IF(ISNUMBER(SEARCH("World",'RawData'!C99)),"",'RawData'!H99) -> 360000 | L91: =IF(ISNUMBER(SEARCH("World",'RawData'!C99)),"",SUMIFS('RawData'!H:H,'RawData'!B:B,'RawData'!B99,'RawData'!C:C,"*World*")) -> 0 | M91: =IF(ISNUMBER(SEARCH("World",'RawData'!C99)),"",IFERROR(K91/L91,"-")) -> - | N91: =IF(ISNUMBER(SEARCH("World",'RawData'!C99)),"",IF(ISNUMBER(SEARCH("Other",C91)),COUNTIFS('RawData'!B:B,B91,'RawData'!C:C,"<>*World*"),IF(OR(K91="",K91=0),"-",SUMPRODUCT(('RawData'!B$2:B$822=B91)*('RawData'!H$2:H$822>K91)*(ISERROR(SEARCH("World",'RawData'!C$2:C$822)))*(ISERROR(SEARCH("Other",'RawData'!C$2:C$822))))+1))) -> 2
A92: =IF(ISNUMBER(SEARCH("World",'RawData'!C100)),"",'RawData'!A100) -> MCS2026 | B92: =IF(ISNUMBER(SEARCH("World",'RawData'!C100)),"",'RawData'!B100) -> Bromine | C92: =IF(ISNUMBER(SEARCH("World",'RawData'!C100)),"",'RawData'!C100) -> Ukraine | D92: =IF(ISNUMBER(SEARCH("World",'RawData'!C100)),"",'RawData'!D100) -> Production, bromine content, estimated | E92: =IF(ISNUMBER(SEARCH("World",'RawData'!C100)),"",IF('RawData'!E100="WT001","kg",IF('RawData'!E100="WT002","ton",IF('RawData'!E100="WT003","k ton","")))) -> ton | F92: =IF(ISNUMBER(SEARCH("World",'RawData'!C100)),"",'RawData'!F100) -> 11000 | G92: =IF(ISNUMBER(SEARCH("World",'RawData'!C100)),"",'RawData'!G100) -> 6000 | H92: =IF(ISNUMBER(SEARCH("World",'RawData'!C100)),"",SUMIFS('RawData'!G:G,'RawData'!B:B,'RawData'!B100,'RawData'!C:C,"*World*")) -> 430000 | I92: =IF(ISNUMBER(SEARCH("World",'RawData'!C100)),"",IFERROR(G92/H92,"-")) -> 0.013953488 | J92: =IF(ISNUMBER(SEARCH("World",'RawData'!C100)),"",IF(ISNUMBER(SEARCH("Other",C92)),COUNTIFS('RawData'!B:B,B92,'RawData'!C:C,"<>*World*"),IF(OR(G92="",G92=0),"-",SUMPRODUCT(('RawData'!B$2:B$822=B92)*('RawData'!G$2:G$822>G92)*(ISERROR(SEARCH("World",'RawData'!C$2:C$822)))*(ISERROR(SEARCH("Other",'RawData'!C$2:C$822))))+1))) -> 6 | K92: =IF(ISNUMBER(SEARCH("World",'RawData'!C100)),"",'RawData'!H100) -> 0 | L92: =IF(ISNUMBER(SEARCH("World",'RawData'!C100)),"",SUMIFS('RawData'!H:H,'RawData'!B:B,'RawData'!B100,'RawData'!C:C,"*World*")) -> 0 | M92: =IF(ISNUMBER(SEARCH("World",'RawData'!C100)),"",IFERROR(K92/L92,"-")) -> - | N92: =IF(ISNUMBER(SEARCH("World",'RawData'!C100)),"",IF(ISNUMBER(SEARCH("Other",C92)),COUNTIFS('RawData'!B:B,B92,'RawData'!C:C,"<>*World*"),IF(OR(K92="",K92=0),"-",SUMPRODUCT(('RawData'!B$2:B$822=B92)*('RawData'!H$2:H$822>K92)*(ISERROR(SEARCH("World",'RawData'!C$2:C$822)))*(ISERROR(SEARCH("Other",'RawData'!C$2:C$822))))+1))) -> -
A93: =IF(ISNUMBER(SEARCH("World",'RawData'!C101)),"",'RawData'!A101) -> MCS2026 | B93: =IF(ISNUMBER(SEARCH("World",'RawData'!C101)),"",'RawData'!B101) -> Bromine | C93: =IF(ISNUMBER(SEARCH("World",'RawData'!C101)),"",'RawData'!C101) -> United States | D93: =IF(ISNUMBER(SEARCH("World",'RawData'!C101)),"",'RawData'!D101) -> Production, bromine content, estimated | E93: =IF(ISNUMBER(SEARCH("World",'RawData'!C101)),"",IF('RawData'!E101="WT001","kg",IF('RawData'!E101="WT002","ton",IF('RawData'!E101="WT003","k ton","")))) -> ton | F93: =IF(ISNUMBER(SEARCH("World",'RawData'!C101)),"",'RawData'!F101) -> 0 | G93: =IF(ISNUMBER(SEARCH("World",'RawData'!C101)),"",'RawData'!G101) -> 0 | H93: =IF(ISNUMBER(SEARCH("World",'RawData'!C101)),"",SUMIFS('RawData'!G:G,'RawData'!B:B,'RawData'!B101,'RawData'!C:C,"*World*")) -> 430000 | I93: =IF(ISNUMBER(SEARCH("World",'RawData'!C101)),"",IFERROR(G93/H93,"-")) -> 0 | J93: =IF(ISNUMBER(SEARCH("World",'RawData'!C101)),"",IF(ISNUMBER(SEARCH("Other",C93)),COUNTIFS('RawData'!B:B,B93,'RawData'!C:C,"<>*World*"),IF(OR(G93="",G93=0),"-",SUMPRODUCT(('RawData'!B$2:B$822=B93)*('RawData'!G$2:G$822>G93)*(ISERROR(SEARCH("World",'RawData'!C$2:C$822)))*(ISERROR(SEARCH("Other",'RawData'!C$2:C$822))))+1))) -> - | K93: =IF(ISNUMBER(SEARCH("World",'RawData'!C101)),"",'RawData'!H101) -> 11000000 | L93: =IF(ISNUMBER(SEARCH("World",'RawData'!C101)),"",SUMIFS('RawData'!H:H,'RawData'!B:B,'RawData'!B101,'RawData'!C:C,"*World*")) -> 0 | M93: =IF(ISNUMBER(SEARCH("World",'RawData'!C101)),"",IFERROR(K93/L93,"-")) -> - | N93: =IF(ISNUMBER(SEARCH("World",'RawData'!C101)),"",IF(ISNUMBER(SEARCH("Other",C93)),COUNTIFS('RawData'!B:B,B93,'RawData'!C:C,"<>*World*"),IF(OR(K93="",K93=0),"-",SUMPRODUCT(('RawData'!B$2:B$822=B93)*('RawData'!H$2:H$822>K93)*(ISERROR(SEARCH("World",'RawData'!C$2:C$822)))*(ISERROR(SEARCH("Other",'RawData'!C$2:C$822))))+1))) -> 1
A94: =IF(ISNUMBER(SEARCH("World",'RawData'!C103)),"",'RawData'!A103) -> MCS2026 | B94: =IF(ISNUMBER(SEARCH("World",'RawData'!C103)),"",'RawData'!B103) -> Cadmium | C94: =IF(ISNUMBER(SEARCH("World",'RawData'!C103)),"",'RawData'!C103) -> Australia | D94: =IF(ISNUMBER(SEARCH("World",'RawData'!C103)),"",'RawData'!D103) -> Refinery production, estimated | E94: =IF(ISNUMBER(SEARCH("World",'RawData'!C103)),"",IF('RawData'!E103="WT001","kg",IF('RawData'!E103="WT002","ton",IF('RawData'!E103="WT003","k ton","")))) -> ton | F94: =IF(ISNUMBER(SEARCH("World",'RawData'!C103)),"",'RawData'!F103) -> 601 | G94: =IF(ISNUMBER(SEARCH("World",'RawData'!C103)),"",'RawData'!G103) -> 600 | H94: =IF(ISNUMBER(SEARCH("World",'RawData'!C103)),"",SUMIFS('RawData'!G:G,'RawData'!B:B,'RawData'!B103,'RawData'!C:C,"*World*")) -> 23000 | I94: =IF(ISNUMBER(SEARCH("World",'RawData'!C103)),"",IFERROR(G94/H94,"-")) -> 0.026086957 | J94: =IF(ISNUMBER(SEARCH("World",'RawData'!C103)),"",IF(ISNUMBER(SEARCH("Other",C94)),COUNTIFS('RawData'!B:B,B94,'RawData'!C:C,"<>*World*"),IF(OR(G94="",G94=0),"-",SUMPRODUCT(('RawData'!B$2:B$822=B94)*('RawData'!G$2:G$822>G94)*(ISERROR(SEARCH("World",'RawData'!C$2:C$822)))*(ISERROR(SEARCH("Other",'RawData'!C$2:C$822))))+1))) -> 8 | K94: =IF(ISNUMBER(SEARCH("World",'RawData'!C103)),"",'RawData'!H103) -> 0 | L94: =IF(ISNUMBER(SEARCH("World",'RawData'!C103)),"",SUMIFS('RawData'!H:H,'RawData'!B:B,'RawData'!B103,'RawData'!C:C,"*World*")) -> 0 | M94: =IF(ISNUMBER(SEARCH("World",'RawData'!C103)),"",IFERROR(K94/L94,"-")) -> - | N94: =IF(ISNUMBER(SEARCH("World",'RawData'!C103)),"",IF(ISNUMBER(SEARCH("Other",C94)),COUNTIFS('RawData'!B:B,B94,'RawData'!C:C,"<>*World*"),IF(OR(K94="",K94=0),"-",SUMPRODUCT(('RawData'!B$2:B$822=B94)*('RawData'!H$2:H$822>K94)*(ISERROR(SEARCH("World",'RawData'!C$2:C$822)))*(ISERROR(SEARCH("Other",'RawData'!C$2:C$822))))+1))) -> -
A95: =IF(ISNUMBER(SEARCH("World",'RawData'!C104)),"",'RawData'!A104) -> MCS2026 | B95: =IF(ISNUMBER(SEARCH("World",'RawData'!C104)),"",'RawData'!B104) -> Cadmium | C95: =IF(ISNUMBER(SEARCH("World",'RawData'!C104)),"",'RawData'!C104) -> Bulgaria | D95: =IF(ISNUMBER(SEARCH("World",'RawData'!C104)),"",'RawData'!D104) -> Refinery production, estimated | E95: =IF(ISNUMBER(SEARCH("World",'RawData'!C104)),"",IF('RawData'!E104="WT001","kg",IF('RawData'!E104="WT002","ton",IF('RawData'!E104="WT003","k ton","")))) -> ton | F95: =IF(ISNUMBER(SEARCH("World",'RawData'!C104)),"",'RawData'!F104) -> 379 | G95: =IF(ISNUMBER(SEARCH("World",'RawData'!C104)),"",'RawData'!G104) -> 380 | H95: =IF(ISNUMBER(SEARCH("World",'RawData'!C104)),"",SUMIFS('RawData'!G:G,'RawData'!B:B,'RawData'!B104,'RawData'!C:C,"*World*")) -> 23000 | I95: =IF(ISNUMBER(SEARCH("World",'RawData'!C104)),"",IFERROR(G95/H95,"-")) -> 0.016521739 | J95: =IF(ISNUMBER(SEARCH("World",'RawData'!C104)),"",IF(ISNUMBER(SEARCH("Other",C95)),COUNTIFS('RawData'!B:B,B95,'RawData'!C:C,"<>*World*"),IF(OR(G95="",G95=0),"-",SUMPRODUCT(('RawData'!B$2:B$822=B95)*('RawData'!G$2:G$822>G95)*(ISERROR(SEARCH("World",'RawData'!C$2:C$822)))*(ISERROR(SEARCH("Other",'RawData'!C$2:C$822))))+1))) -> 13 | K95: =IF(ISNUMBER(SEARCH("World",'RawData'!C104)),"",'RawData'!H104) -> 0 | L95: =IF(ISNUMBER(SEARCH("World",'RawData'!C104)),"",SUMIFS('RawData'!H:H,'RawData'!B:B,'RawData'!B104,'RawData'!C:C,"*World*")) -> 0 | M95: =IF(ISNUMBER(SEARCH("World",'RawData'!C104)),"",IFERROR(K95/L95,"-")) -> - | N95: =IF(ISNUMBER(SEARCH("World",'RawData'!C104)),"",IF(ISNUMBER(SEARCH("Other",C95)),COUNTIFS('RawData'!B:B,B95,'RawData'!C:C,"<>*World*"),IF(OR(K95="",K95=0),"-",SUMPRODUCT(('RawData'!B$2:B$822=B95)*('RawData'!H$2:H$822>K95)*(ISERROR(SEARCH("World",'RawData'!C$2:C$822)))*(ISERROR(SEARCH("Other",'RawData'!C$2:C$822))))+1))) -> -
A96: =IF(ISNUMBER(SEARCH("World",'RawData'!C105)),"",'RawData'!A105) -> MCS2026 | B96: =IF(ISNUMBER(SEARCH("World",'RawData'!C105)),"",'RawData'!B105) -> Cadmium | C96: =IF(ISNUMBER(SEARCH("World",'RawData'!C105)),"",'RawData'!C105) -> Canada | D96: =IF(ISNUMBER(SEARCH("World",'RawData'!C105)),"",'RawData'!D105) -> Refinery production, estimated | E96: =IF(ISNUMBER(SEARCH("World",'RawData'!C105)),"",IF('RawData'!E105="WT001","kg",IF('RawData'!E105="WT002","ton",IF('RawData'!E105="WT003","k ton","")))) -> ton | F96: =IF(ISNUMBER(SEARCH("World",'RawData'!C105)),"",'RawData'!F105) -> 1300 | G96: =IF(ISNUMBER(SEARCH("World",'RawData'!C105)),"",'RawData'!G105) -> 1300 | H96: =IF(ISNUMBER(SEARCH("World",'RawData'!C105)),"",SUMIFS('RawData'!G:G,'RawData'!B:B,'RawData'!B105,'RawData'!C:C,"*World*")) -> 23000 | I96: =IF(ISNUMBER(SEARCH("World",'RawData'!C105)),"",IFERROR(G96/H96,"-")) -> 0.056521739 | J96: =IF(ISNUMBER(SEARCH("World",'RawData'!C105)),"",IF(ISNUMBER(SEARCH("Other",C96)),COUNTIFS('RawData'!B:B,B96,'RawData'!C:C,"<>*World*"),IF(OR(G96="",G96=0),"-",SUMPRODUCT(('RawData'!B$2:B$822=B96)*('RawData'!G$2:G$822>G96)*(ISERROR(SEARCH("World",'RawData'!C$2:C$822)))*(ISERROR(SEARCH("Other",'RawData'!C$2:C$822))))+1))) -> 3 | K96: =IF(ISNUMBER(SEARCH("World",'RawData'!C105)),"",'RawData'!H105) -> 0 | L96: =IF(ISNUMBER(SEARCH("World",'RawData'!C105)),"",SUMIFS('RawData'!H:H,'RawData'!B:B,'RawData'!B105,'RawData'!C:C,"*World*")) -> 0 | M96: =IF(ISNUMBER(SEARCH("World",'RawData'!C105)),"",IFERROR(K96/L96,"-")) -> - | N96: =IF(ISNUMBER(SEARCH("World",'RawData'!C105)),"",IF(ISNUMBER(SEARCH("Other",C96)),COUNTIFS('RawData'!B:B,B96,'RawData'!C:C,"<>*World*"),IF(OR(K96="",K96=0),"-",SUMPRODUCT(('RawData'!B$2:B$822=B96)*('RawData'!H$2:H$822>K96)*(ISERROR(SEARCH("World",'RawData'!C$2:C$822)))*(ISERROR(SEARCH("Other",'RawData'!C$2:C$822))))+1))) -> -
A97: =IF(ISNUMBER(SEARCH("World",'RawData'!C106)),"",'RawData'!A106) -> MCS2026 | B97: =IF(ISNUMBER(SEARCH("World",'RawData'!C106)),"",'RawData'!B106) -> Cadmium | C97: =IF(ISNUMBER(SEARCH("World",'RawData'!C106)),"",'RawData'!C106) -> China | D97: =IF(ISNUMBER(SEARCH("World",'RawData'!C106)),"",'RawData'!D106) -> Refinery production, estimated | E97: =IF(ISNUMBER(SEARCH("World",'RawData'!C106)),"",IF('RawData'!E106="WT001","kg",IF('RawData'!E106="WT002","ton",IF('RawData'!E106="WT003","k ton","")))) -> ton | F97: =IF(ISNUMBER(SEARCH("World",'RawData'!C106)),"",'RawData'!F106) -> 8900 | G97: =IF(ISNUMBER(SEARCH("World",'RawData'!C106)),"",'RawData'!G106) -> 9500 | H97: =IF(ISNUMBER(SEARCH("World",'RawData'!C106)),"",SUMIFS('RawData'!G:G,'RawData'!B:B,'RawData'!B106,'RawData'!C:C,"*World*")) -> 23000 | I97: =IF(ISNUMBER(SEARCH("World",'RawData'!C106)),"",IFERROR(G97/H97,"-")) -> 0.41304348 | J97: =IF(ISNUMBER(SEARCH("World",'RawData'!C106)),"",IF(ISNUMBER(SEARCH("Other",C97)),COUNTIFS('RawData'!B:B,B97,'RawData'!C:C,"<>*World*"),IF(OR(G97="",G97=0),"-",SUMPRODUCT(('RawData'!B$2:B$822=B97)*('RawData'!G$2:G$822>G97)*(ISERROR(SEARCH("World",'RawData'!C$2:C$822)))*(ISERROR(SEARCH("Other",'RawData'!C$2:C$822))))+1))) -> 1 | K97: =IF(ISNUMBER(SEARCH("World",'RawData'!C106)),"",'RawData'!H106) -> 0 | L97: =IF(ISNUMBER(SEARCH("World",'RawData'!C106)),"",SUMIFS('RawData'!H:H,'RawData'!B:B,'RawData'!B106,'RawData'!C:C,"*World*")) -> 0 | M97: =IF(ISNUMBER(SEARCH("World",'RawData'!C106)),"",IFERROR(K97/L97,"-")) -> - | N97: =IF(ISNUMBER(SEARCH("World",'RawData'!C106)),"",IF(ISNUMBER(SEARCH("Other",C97)),COUNTIFS('RawData'!B:B,B97,'RawData'!C:C,"<>*World*"),IF(OR(K97="",K97=0),"-",SUMPRODUCT(('RawData'!B$2:B$822=B97)*('RawData'!H$2:H$822>K97)*(ISERROR(SEARCH("World",'RawData'!C$2:C$822)))*(ISERROR(SEARCH("Other",'RawData'!C$2:C$822))))+1))) -> -
A98: =IF(ISNUMBER(SEARCH("World",'RawData'!C107)),"",'RawData'!A107) -> MCS2026 | B98: =IF(ISNUMBER(SEARCH("World",'RawData'!C107)),"",'RawData'!B107) -> Cadmium | C98: =IF(ISNUMBER(SEARCH("World",'RawData'!C107)),"",'RawData'!C107) -> Germany | D98: =IF(ISNUMBER(SEARCH("World",'RawData'!C107)),"",'RawData'!D107) -> Refinery production, estimated | E98: =IF(ISNUMBER(SEARCH("World",'RawData'!C107)),"",IF('RawData'!E107="WT001","kg",IF('RawData'!E107="WT002","ton",IF('RawData'!E107="WT003","k ton","")))) -> ton | F98: =IF(ISNUMBER(SEARCH("World",'RawData'!C107)),"",'RawData'!F107) -> 130 | G98: =IF(ISNUMBER(SEARCH("World",'RawData'!C107)),"",'RawData'!G107) -> 220 | H98: =IF(ISNUMBER(SEARCH("World",'RawData'!C107)),"",SUMIFS('RawData'!G:G,'RawData'!B:B,'RawData'!B107,'RawData'!C:C,"*World*")) -> 23000 | I98: =IF(ISNUMBER(SEARCH("World",'RawData'!C107)),"",IFERROR(G98/H98,"-")) -> 0.0095652174 | J98: =IF(ISNUMBER(SEARCH("World",'RawData'!C107)),"",IF(ISNUMBER(SEARCH("Other",C98)),COUNTIFS('RawData'!B:B,B98,'RawData'!C:C,"<>*World*"),IF(OR(G98="",G98=0),"-",SUMPRODUCT(('RawData'!B$2:B$822=B98)*('RawData'!G$2:G$822>G98)*(ISERROR(SEARCH("World",'RawData'!C$2:C$822)))*(ISERROR(SEARCH("Other",'RawData'!C$2:C$822))))+1))) -> 15 | K98: =IF(ISNUMBER(SEARCH("World",'RawData'!C107)),"",'RawData'!H107) -> 0 | L98: =IF(ISNUMBER(SEARCH("World",'RawData'!C107)),"",SUMIFS('RawData'!H:H,'RawData'!B:B,'RawData'!B107,'RawData'!C:C,"*World*")) -> 0 | M98: =IF(ISNUMBER(SEARCH("World",'RawData'!C107)),"",IFERROR(K98/L98,"-")) -> - | N98: =IF(ISNUMBER(SEARCH("World",'RawData'!C107)),"",IF(ISNUMBER(SEARCH("Other",C98)),COUNTIFS('RawData'!B:B,B98,'RawData'!C:C,"<>*World*"),IF(OR(K98="",K98=0),"-",SUMPRODUCT(('RawData'!B$2:B$822=B98)*('RawData'!H$2:H$822>K98)*(ISERROR(SEARCH("World",'RawData'!C$2:C$822)))*(ISERROR(SEARCH("Other",'RawData'!C$2:C$822))))+1))) -> -
A99: =IF(ISNUMBER(SEARCH("World",'RawData'!C108)),"",'RawData'!A108) -> MCS2026 | B99: =IF(ISNUMBER(SEARCH("World",'RawData'!C108)),"",'RawData'!B108) -> Cadmium | C99: =IF(ISNUMBER(SEARCH("World",'RawData'!C108)),"",'RawData'!C108) -> Japan | D99: =IF(ISNUMBER(SEARCH("World",'RawData'!C108)),"",'RawData'!D108) -> Refinery production, estimated | E99: =IF(ISNUMBER(SEARCH("World",'RawData'!C108)),"",IF('RawData'!E108="WT001","kg",IF('RawData'!E108="WT002","ton",IF('RawData'!E108="WT003","k ton","")))) -> ton | F99: =IF(ISNUMBER(SEARCH("World",'RawData'!C108)),"",'RawData'!F108) -> 1580 | G99: =IF(ISNUMBER(SEARCH("World",'RawData'!C108)),"",'RawData'!G108) -> 1300 | H99: =IF(ISNUMBER(SEARCH("World",'RawData'!C108)),"",SUMIFS('RawData'!G:G,'RawData'!B:B,'RawData'!B108,'RawData'!C:C,"*World*")) -> 23000 | I99: =IF(ISNUMBER(SEARCH("World",'RawData'!C108)),"",IFERROR(G99/H99,"-")) -> 0.056521739 | J99: =IF(ISNUMBER(SEARCH("World",'RawData'!C108)),"",IF(ISNUMBER(SEARCH("Other",C99)),COUNTIFS('RawData'!B:B,B99,'RawData'!C:C,"<>*World*"),IF(OR(G99="",G99=0),"-",SUMPRODUCT(('RawData'!B$2:B$822=B99)*('RawData'!G$2:G$822>G99)*(ISERROR(SEARCH("World",'RawData'!C$2:C$822)))*(ISERROR(SEARCH("Other",'RawData'!C$2:C$822))))+1))) -> 3 | K99: =IF(ISNUMBER(SEARCH("World",'RawData'!C108)),"",'RawData'!H108) -> 0 | L99: =IF(ISNUMBER(SEARCH("World",'RawData'!C108)),"",SUMIFS('RawData'!H:H,'RawData'!B:B,'RawData'!B108,'RawData'!C:C,"*World*")) -> 0 | M99: =IF(ISNUMBER(SEARCH("World",'RawData'!C108)),"",IFERROR(K99/L99,"-")) -> - | N99: =IF(ISNUMBER(SEARCH("World",'RawData'!C108)),"",IF(ISNUMBER(SEARCH("Other",C99)),COUNTIFS('RawData'!B:B,B99,'RawData'!C:C,"<>*World*"),IF(OR(K99="",K99=0),"-",SUMPRODUCT(('RawData'!B$2:B$822=B99)*('RawData'!H$2:H$822>K99)*(ISERROR(SEARCH("World",'RawData'!C$2:C$822)))*(ISERROR(SEARCH("Other",'RawData'!C$2:C$822))))+1))) -> -
A100: =IF(ISNUMBER(SEARCH("World",'RawData'!C109)),"",'RawData'!A109) -> MCS2026 | B100: =IF(ISNUMBER(SEARCH("World",'RawData'!C109)),"",'RawData'!B109) -> Cadmium | C100: =IF(ISNUMBER(SEARCH("World",'RawData'!C109)),"",'RawData'!C109) -> Kazakhstan | D100: =IF(ISNUMBER(SEARCH("World",'RawData'!C109)),"",'RawData'!D109) -> Refinery production, estimated | E100: =IF(ISNUMBER(SEARCH("World",'RawData'!C109)),"",IF('RawData'!E109="WT001","kg",IF('RawData'!E109="WT002","ton",IF('RawData'!E109="WT003","k ton","")))) -> ton | F100: =IF(ISNUMBER(SEARCH("World",'RawData'!C109)),"",'RawData'!F109) -> 1100 | G100: =IF(ISNUMBER(SEARCH("World",'RawData'!C109)),"",'RawData'!G109) -> 1100 | H100: =IF(ISNUMBER(SEARCH("World",'RawData'!C109)),"",SUMIFS('RawData'!G:G,'RawData'!B:B,'RawData'!B109,'RawData'!C:C,"*World*")) -> 23000 | I100: =IF(ISNUMBER(SEARCH("World",'RawData'!C109)),"",IFERROR(G100/H100,"-")) -> 0.047826087 | J100: =IF(ISNUMBER(SEARCH("World",'RawData'!C109)),"",IF(ISNUMBER(SEARCH("Other",C100)),COUNTIFS('RawData'!B:B,B100,'RawData'!C:C,"<>*World*"),IF(OR(G100="",G100=0),"-",SUMPRODUCT(('RawData'!B$2:B$822=B100)*('RawData'!G$2:G$822>G100)*(ISERROR(SEARCH("World",'RawData'!C$2:C$822)))*(ISERROR(SEARCH("Other",'RawData'!C$2:C$822))))+1))) -> 5 | K100: =IF(ISNUMBER(SEARCH("World",'RawData'!C109)),"",'RawData'!H109) -> 0 | L100: =IF(ISNUMBER(SEARCH("World",'RawData'!C109)),"",SUMIFS('RawData'!H:H,'RawData'!B:B,'RawData'!B109,'RawData'!C:C,"*World*")) -> 0 | M100: =IF(ISNUMBER(SEARCH("World",'RawData'!C109)),"",IFERROR(K100/L100,"-")) -> - | N100: =IF(ISNUMBER(SEARCH("World",'RawData'!C109)),"",IF(ISNUMBER(SEARCH("Other",C100)),COUNTIFS('RawData'!B:B,B100,'RawData'!C:C,"<>*World*"),IF(OR(K100="",K100=0),"-",SUMPRODUCT(('RawData'!B$2:B$822=B100)*('RawData'!H$2:H$822>K100)*(ISERROR(SEARCH("World",'RawData'!C$2:C$822)))*(ISERROR(SEARCH("Other",'RawData'!C$2:C$822))))+1))) -> -
A101: =IF(ISNUMBER(SEARCH("World",'RawData'!C110)),"",'RawData'!A110) -> MCS2026 | B101: =IF(ISNUMBER(SEARCH("World",'RawData'!C110)),"",'RawData'!B110) -> Cadmium | C101: =IF(ISNUMBER(SEARCH("World",'RawData'!C110)),"",'RawData'!C110) -> Mexico | D101: =IF(ISNUMBER(SEARCH("World",'RawData'!C110)),"",'RawData'!D110) -> Refinery production, estimated | E101: =IF(ISNUMBER(SEARCH("World",'RawData'!C110)),"",IF('RawData'!E110="WT001","kg",IF('RawData'!E110="WT002","ton",IF('RawData'!E110="WT003","k ton","")))) -> ton | F101: =IF(ISNUMBER(SEARCH("World",'RawData'!C110)),"",'RawData'!F110) -> 1190 | G101: =IF(ISNUMBER(SEARCH("World",'RawData'!C110)),"",'RawData'!G110) -> 1000 | H101: =IF(ISNUMBER(SEARCH("World",'RawData'!C110)),"",SUMIFS('RawData'!G:G,'RawData'!B:B,'RawData'!B110,'RawData'!C:C,"*World*")) -> 23000 | I101: =IF(ISNUMBER(SEARCH("World",'RawData'!C110)),"",IFERROR(G101/H101,"-")) -> 0.043478261 | J101: =IF(ISNUMBER(SEARCH("World",'RawData'!C110)),"",IF(ISNUMBER(SEARCH("Other",C101)),COUNTIFS('RawData'!B:B,B101,'RawData'!C:C,"<>*World*"),IF(OR(G101="",G101=0),"-",SUMPRODUCT(('RawData'!B$2:B$822=B101)*('RawData'!G$2:G$822>G101)*(ISERROR(SEARCH("World",'RawData'!C$2:C$822)))*(ISERROR(SEARCH("Other",'RawData'!C$2:C$822))))+1))) -> 6 | K101: =IF(ISNUMBER(SEARCH("World",'RawData'!C110)),"",'RawData'!H110) -> 0 | L101: =IF(ISNUMBER(SEARCH("World",'RawData'!C110)),"",SUMIFS('RawData'!H:H,'RawData'!B:B,'RawData'!B110,'RawData'!C:C,"*World*")) -> 0 | M101: =IF(ISNUMBER(SEARCH("World",'RawData'!C110)),"",IFERROR(K101/L101,"-")) -> - | N101: =IF(ISNUMBER(SEARCH("World",'RawData'!C110)),"",IF(ISNUMBER(SEARCH("Other",C101)),COUNTIFS('RawData'!B:B,B101,'RawData'!C:C,"<>*World*"),IF(OR(K101="",K101=0),"-",SUMPRODUCT(('RawData'!B$2:B$822=B101)*('RawData'!H$2:H$822>K101)*(ISERROR(SEARCH("World",'RawData'!C$2:C$822)))*(ISERROR(SEARCH("Other",'RawData'!C$2:C$822))))+1))) -> -
A102: =IF(ISNUMBER(SEARCH("World",'RawData'!C111)),"",'RawData'!A111) -> MCS2026 | B102: =IF(ISNUMBER(SEARCH("World",'RawData'!C111)),"",'RawData'!B111) -> Cadmium | C102: =IF(ISNUMBER(SEARCH("World",'RawData'!C111)),"",'RawData'!C111) -> Netherlands | D102: =IF(ISNUMBER(SEARCH("World",'RawData'!C111)),"",'RawData'!D111) -> Refinery production, estimated | E102: =IF(ISNUMBER(SEARCH("World",'RawData'!C111)),"",IF('RawData'!E111="WT001","kg",IF('RawData'!E111="WT002","ton",IF('RawData'!E111="WT003","k ton","")))) -> ton | F102: =IF(ISNUMBER(SEARCH("World",'RawData'!C111)),"",'RawData'!F111) -> 592 | G102: =IF(ISNUMBER(SEARCH("World",'RawData'!C111)),"",'RawData'!G111) -> 600 | H102: =IF(ISNUMBER(SEARCH("World",'RawData'!C111)),"",SUMIFS('RawData'!G:G,'RawData'!B:B,'RawData'!B111,'RawData'!C:C,"*World*")) -> 23000 | I102: =IF(ISNUMBER(SEARCH("World",'RawData'!C111)),"",IFERROR(G102/H102,"-")) -> 0.026086957 | J102: =IF(ISNUMBER(SEARCH("World",'RawData'!C111)),"",IF(ISNUMBER(SEARCH("Other",C102)),COUNTIFS('RawData'!B:B,B102,'RawData'!C:C,"<>*World*"),IF(OR(G102="",G102=0),"-",SUMPRODUCT(('RawData'!B$2:B$822=B102)*('RawData'!G$2:G$822>G102)*(ISERROR(SEARCH("World",'RawData'!C$2:C$822)))*(ISERROR(SEARCH("Other",'RawData'!C$2:C$822))))+1))) -> 8 | K102: =IF(ISNUMBER(SEARCH("World",'RawData'!C111)),"",'RawData'!H111) -> 0 | L102: =IF(ISNUMBER(SEARCH("World",'RawData'!C111)),"",SUMIFS('RawData'!H:H,'RawData'!B:B,'RawData'!B111,'RawData'!C:C,"*World*")) -> 0 | M102: =IF(ISNUMBER(SEARCH("World",'RawData'!C111)),"",IFERROR(K102/L102,"-")) -> - | N102: =IF(ISNUMBER(SEARCH("World",'RawData'!C111)),"",IF(ISNUMBER(SEARCH("Other",C102)),COUNTIFS('RawData'!B:B,B102,'RawData'!C:C,"<>*World*"),IF(OR(K102="",K102=0),"-",SUMPRODUCT(('RawData'!B$2:B$822=B102)*('RawData'!H$2:H$822>K102)*(ISERROR(SEARCH("World",'RawData'!C$2:C$822)))*(ISERROR(SEARCH("Other",'RawData'!C$2:C$822))))+1))) -> -
A103: =IF(ISNUMBER(SEARCH("World",'RawData'!C112)),"",'RawData'!A112) -> MCS2026 | B103: =IF(ISNUMBER(SEARCH("World",'RawData'!C112)),"",'RawData'!B112) -> Cadmium | C103: =IF(ISNUMBER(SEARCH("World",'RawData'!C112)),"",'RawData'!C112) -> Norway | D103: =IF(ISNUMBER(SEARCH("World",'RawData'!C112)),"",'RawData'!D112) -> Refinery production, estimated | E103: =IF(ISNUMBER(SEARCH("World",'RawData'!C112)),"",IF('RawData'!E112="WT001","kg",IF('RawData'!E112="WT002","ton",IF('RawData'!E112="WT003","k ton","")))) -> ton | F103: =IF(ISNUMBER(SEARCH("World",'RawData'!C112)),"",'RawData'!F112) -> 350 | G103: =IF(ISNUMBER(SEARCH("World",'RawData'!C112)),"",'RawData'!G112) -> 430 | H103: =IF(ISNUMBER(SEARCH("World",'RawData'!C112)),"",SUMIFS('RawData'!G:G,'RawData'!B:B,'RawData'!B112,'RawData'!C:C,"*World*")) -> 23000 | I103: =IF(ISNUMBER(SEARCH("World",'RawData'!C112)),"",IFERROR(G103/H103,"-")) -> 0.018695652 | J103: =IF(ISNUMBER(SEARCH("World",'RawData'!C112)),"",IF(ISNUMBER(SEARCH("Other",C103)),COUNTIFS('RawData'!B:B,B103,'RawData'!C:C,"<>*World*"),IF(OR(G103="",G103=0),"-",SUMPRODUCT(('RawData'!B$2:B$822=B103)*('RawData'!G$2:G$822>G103)*(ISERROR(SEARCH("World",'RawData'!C$2:C$822)))*(ISERROR(SEARCH("Other",'RawData'!C$2:C$822))))+1))) -> 11 | K103: =IF(ISNUMBER(SEARCH("World",'RawData'!C112)),"",'RawData'!H112) -> 0 | L103: =IF(ISNUMBER(SEARCH("World",'RawData'!C112)),"",SUMIFS('RawData'!H:H,'RawData'!B:B,'RawData'!B112,'RawData'!C:C,"*World*")) -> 0 | M103: =IF(ISNUMBER(SEARCH("World",'RawData'!C112)),"",IFERROR(K103/L103,"-")) -> - | N103: =IF(ISNUMBER(SEARCH("World",'RawData'!C112)),"",IF(ISNUMBER(SEARCH("Other",C103)),COUNTIFS('RawData'!B:B,B103,'RawData'!C:C,"<>*World*"),IF(OR(K103="",K103=0),"-",SUMPRODUCT(('RawData'!B$2:B$822=B103)*('RawData'!H$2:H$822>K103)*(ISERROR(SEARCH("World",'RawData'!C$2:C$822)))*(ISERROR(SEARCH("Other",'RawData'!C$2:C$822))))+1))) -> -
A104: =IF(ISNUMBER(SEARCH("World",'RawData'!C113)),"",'RawData'!A113) -> MCS2026 | B104: =IF(ISNUMBER(SEARCH("World",'RawData'!C113)),"",'RawData'!B113) -> Cadmium | C104: =IF(ISNUMBER(SEARCH("World",'RawData'!C113)),"",'RawData'!C113) -> Peru | D104: =IF(ISNUMBER(SEARCH("World",'RawData'!C113)),"",'RawData'!D113) -> Refinery production, estimated | E104: =IF(ISNUMBER(SEARCH("World",'RawData'!C113)),"",IF('RawData'!E113="WT001","kg",IF('RawData'!E113="WT002","ton",IF('RawData'!E113="WT003","k ton","")))) -> ton | F104: =IF(ISNUMBER(SEARCH("World",'RawData'!C113)),"",'RawData'!F113) -> 664 | G104: =IF(ISNUMBER(SEARCH("World",'RawData'!C113)),"",'RawData'!G113) -> 600 | H104: =IF(ISNUMBER(SEARCH("World",'RawData'!C113)),"",SUMIFS('RawData'!G:G,'RawData'!B:B,'RawData'!B113,'RawData'!C:C,"*World*")) -> 23000 | I104: =IF(ISNUMBER(SEARCH("World",'RawData'!C113)),"",IFERROR(G104/H104,"-")) -> 0.026086957 | J104: =IF(ISNUMBER(SEARCH("World",'RawData'!C113)),"",IF(ISNUMBER(SEARCH("Other",C104)),COUNTIFS('RawData'!B:B,B104,'RawData'!C:C,"<>*World*"),IF(OR(G104="",G104=0),"-",SUMPRODUCT(('RawData'!B$2:B$822=B104)*('RawData'!G$2:G$822>G104)*(ISERROR(SEARCH("World",'RawData'!C$2:C$822)))*(ISERROR(SEARCH("Other",'RawData'!C$2:C$822))))+1))) -> 8 | K104: =IF(ISNUMBER(SEARCH("World",'RawData'!C113)),"",'RawData'!H113) -> 0 | L104: =IF(ISNUMBER(SEARCH("World",'RawData'!C113)),"",SUMIFS('RawData'!H:H,'RawData'!B:B,'RawData'!B113,'RawData'!C:C,"*World*")) -> 0 | M104: =IF(ISNUMBER(SEARCH("World",'RawData'!C113)),"",IFERROR(K104/L104,"-")) -> - | N104: =IF(ISNUMBER(SEARCH("World",'RawData'!C113)),"",IF(ISNUMBER(SEARCH("Other",C104)),COUNTIFS('RawData'!B:B,B104,'RawData'!C:C,"<>*World*"),IF(OR(K104="",K104=0),"-",SUMPRODUCT(('RawData'!B$2:B$822=B104)*('RawData'!H$2:H$822>K104)*(ISERROR(SEARCH("World",'RawData'!C$2:C$822)))*(ISERROR(SEARCH("Other",'RawData'!C$2:C$822))))+1))) -> -
A105: =IF(ISNUMBER(SEARCH("World",'RawData'!C114)),"",'RawData'!A114) -> MCS2026 | B105: =IF(ISNUMBER(SEARCH("World",'RawData'!C114)),"",'RawData'!B114) -> Cadmium | C105: =IF(ISNUMBER(SEARCH("World",'RawData'!C114)),"",'RawData'!C114) -> Poland | D105: =IF(ISNUMBER(SEARCH("World",'RawData'!C114)),"",'RawData'!D114) -> Refinery production, estimated | E105: =IF(ISNUMBER(SEARCH("World",'RawData'!C114)),"",IF('RawData'!E114="WT001","kg",IF('RawData'!E114="WT002","ton",IF('RawData'!E114="WT003","k ton","")))) -> ton | F105: =IF(ISNUMBER(SEARCH("World",'RawData'!C114)),"",'RawData'!F114) -> 382 | G105: =IF(ISNUMBER(SEARCH("World",'RawData'!C114)),"",'RawData'!G114) -> 400 | H105: =IF(ISNUMBER(SEARCH("World",'RawData'!C114)),"",SUMIFS('RawData'!G:G,'RawData'!B:B,'RawData'!B114,'RawData'!C:C,"*World*")) -> 23000 | I105: =IF(ISNUMBER(SEARCH("World",'RawData'!C114)),"",IFERROR(G105/H105,"-")) -> 0.017391304 | J105: =IF(ISNUMBER(SEARCH("World",'RawData'!C114)),"",IF(ISNUMBER(SEARCH("Other",C105)),COUNTIFS('RawData'!B:B,B105,'RawData'!C:C,"<>*World*"),IF(OR(G105="",G105=0),"-",SUMPRODUCT(('RawData'!B$2:B$822=B105)*('RawData'!G$2:G$822>G105)*(ISERROR(SEARCH("World",'RawData'!C$2:C$822)))*(ISERROR(SEARCH("Other",'RawData'!C$2:C$822))))+1))) -> 12 | K105: =IF(ISNUMBER(SEARCH("World",'RawData'!C114)),"",'RawData'!H114) -> 0 | L105: =IF(ISNUMBER(SEARCH("World",'RawData'!C114)),"",SUMIFS('RawData'!H:H,'RawData'!B:B,'RawData'!B114,'RawData'!C:C,"*World*")) -> 0 | M105: =IF(ISNUMBER(SEARCH("World",'RawData'!C114)),"",IFERROR(K105/L105,"-")) -> - | N105: =IF(ISNUMBER(SEARCH("World",'RawData'!C114)),"",IF(ISNUMBER(SEARCH("Other",C105)),COUNTIFS('RawData'!B:B,B105,'RawData'!C:C,"<>*World*"),IF(OR(K105="",K105=0),"-",SUMPRODUCT(('RawData'!B$2:B$822=B105)*('RawData'!H$2:H$822>K105)*(ISERROR(SEARCH("World",'RawData'!C$2:C$822)))*(ISERROR(SEARCH("Other",'RawData'!C$2:C$822))))+1))) -> -
... A109: =IF(ISNUMBER(SEARCH("World",'RawData'!C118)),"",'RawData'!A118) -> MCS2026 | B109: =IF(ISNUMBER(SEARCH("World",'RawData'!C118)),"",'RawData'!B118) -> Cadmium | C109: =IF(ISNUMBER(SEARCH("World",'RawData'!C118)),"",'RawData'!C118) -> Uzbekistan | D109: =IF(ISNUMBER(SEARCH("World",'RawData'!C118)),"",'RawData'!D118) -> Refinery production, estimated | E109: =IF(ISNUMBER(SEARCH("World",'RawData'!C118)),"",IF('RawData'!E118="WT001","kg",IF('RawData'!E118="WT002","ton",IF('RawData'!E118="WT003","k ton","")))) -> ton | F109: =IF(ISNUMBER(SEARCH("World",'RawData'!C118)),"",'RawData'!F118) -> 170 | G109: =IF(ISNUMBER(SEARCH("World",'RawData'!C118)),"",'RawData'!G118) -> 230 | H109: =IF(ISNUMBER(SEARCH("World",'RawData'!C118)),"",SUMIFS('RawData'!G:G,'RawData'!B:B,'RawData'!B118,'RawData'!C:C,"*World*")) -> 23000 | I109: =IF(ISNUMBER(SEARCH("World",'RawData'!C118)),"",IFERROR(G109/H109,"-")) -> 0.01 | J109: =IF(ISNUMBER(SEARCH("World",'RawData'!C118)),"",IF(ISNUMBER(SEARCH("Other",C109)),COUNTIFS('RawData'!B:B,B109,'RawData'!C:C,"<>*World*"),IF(OR(G109="",G109=0),"-",SUMPRODUCT(('RawData'!B$2:B$822=B109)*('RawData'!G$2:G$822>G109)*(ISERROR(SEARCH("World",'RawData'!C$2:C$822)))*(ISERROR(SEARCH("Other",'RawData'!C$2:C$822))))+1))) -> 14 | K109: =IF(ISNUMBER(SEARCH("World",'RawData'!C118)),"",'RawData'!H118) -> 0 | L109: =IF(ISNUMBER(SEARCH("World",'RawData'!C118)),"",SUMIFS('RawData'!H:H,'RawData'!B:B,'RawData'!B118,'RawData'!C:C,"*World*")) -> 0 | M109: =IF(ISNUMBER(SEARCH("World",'RawData'!C118)),"",IFERROR(K109/L109,"-")) -> - | N109: =IF(ISNUMBER(SEARCH("World",'RawData'!C118)),"",IF(ISNUMBER(SEARCH("Other",C109)),COUNTIFS('RawData'!B:B,B109,'RawData'!C:C,"<>*World*"),IF(OR(K109="",K109=0),"-",SUMPRODUCT(('RawData'!B$2:B$822=B109)*('RawData'!H$2:H$822>K109)*(ISERROR(SEARCH("World",'RawData'!C$2:C$822)))*(ISERROR(SEARCH("Other",'RawData'!C$2:C$822))))+1))) -> -
A110: =IF(ISNUMBER(SEARCH("World",'RawData'!C120)),"",'RawData'!A120) -> MCS2026 | B110: =IF(ISNUMBER(SEARCH("World",'RawData'!C120)),"",'RawData'!B120) -> Chromium | C110: =IF(ISNUMBER(SEARCH("World",'RawData'!C120)),"",'RawData'!C120) -> Brazil | D110: =IF(ISNUMBER(SEARCH("World",'RawData'!C120)),"",'RawData'!D120) -> Mine production, grosss weight, marketable chromite ore | E110: =IF(ISNUMBER(SEARCH("World",'RawData'!C120)),"",IF('RawData'!E120="WT001","kg",IF('RawData'!E120="WT002","ton",IF('RawData'!E120="WT003","k ton","")))) -> k ton | F110: =IF(ISNUMBER(SEARCH("World",'RawData'!C120)),"",'RawData'!F120) -> 1400 | G110: =IF(ISNUMBER(SEARCH("World",'RawData'!C120)),"",'RawData'!G120) -> 2000 | H110: =IF(ISNUMBER(SEARCH("World",'RawData'!C120)),"",SUMIFS('RawData'!G:G,'RawData'!B:B,'RawData'!B120,'RawData'!C:C,"*World*")) -> 51000 | I110: =IF(ISNUMBER(SEARCH("World",'RawData'!C120)),"",IFERROR(G110/H110,"-")) -> 0.039215686 | J110: =IF(ISNUMBER(SEARCH("World",'RawData'!C120)),"",IF(ISNUMBER(SEARCH("Other",C110)),COUNTIFS('RawData'!B:B,B110,'RawData'!C:C,"<>*World*"),IF(OR(G110="",G110=0),"-",SUMPRODUCT(('RawData'!B$2:B$822=B110)*('RawData'!G$2:G$822>G110)*(ISERROR(SEARCH("World",'RawData'!C$2:C$822)))*(ISERROR(SEARCH("Other",'RawData'!C$2:C$822))))+1))) -> 5 | K110: =IF(ISNUMBER(SEARCH("World",'RawData'!C120)),"",'RawData'!H120) -> 1000 | L110: =IF(ISNUMBER(SEARCH("World",'RawData'!C120)),"",SUMIFS('RawData'!H:H,'RawData'!B:B,'RawData'!B120,'RawData'!C:C,"*World*")) -> 540000 | M110: =IF(ISNUMBER(SEARCH("World",'RawData'!C120)),"",IFERROR(K110/L110,"-")) -> 0.0018518519 | N110: =IF(ISNUMBER(SEARCH("World",'RawData'!C120)),"",IF(ISNUMBER(SEARCH("Other",C110)),COUNTIFS('RawData'!B:B,B110,'RawData'!C:C,"<>*World*"),IF(OR(K110="",K110=0),"-",SUMPRODUCT(('RawData'!B$2:B$822=B110)*('RawData'!H$2:H$822>K110)*(ISERROR(SEARCH("World",'RawData'!C$2:C$822)))*(ISERROR(SEARCH("Other",'RawData'!C$2:C$822))))+1))) -> 7
A111: =IF(ISNUMBER(SEARCH("World",'RawData'!C121)),"",'RawData'!A121) -> MCS2026 | B111: =IF(ISNUMBER(SEARCH("World",'RawData'!C121)),"",'RawData'!B121) -> Chromium | C111: =IF(ISNUMBER(SEARCH("World",'RawData'!C121)),"",'RawData'!C121) -> Finland | D111: =IF(ISNUMBER(SEARCH("World",'RawData'!C121)),"",'RawData'!D121) -> Mine production, grosss weight, marketable chromite ore | E111: =IF(ISNUMBER(SEARCH("World",'RawData'!C121)),"",IF('RawData'!E121="WT001","kg",IF('RawData'!E121="WT002","ton",IF('RawData'!E121="WT003","k ton","")))) -> k ton | F111: =IF(ISNUMBER(SEARCH("World",'RawData'!C121)),"",'RawData'!F121) -> 1940 | G111: =IF(ISNUMBER(SEARCH("World",'RawData'!C121)),"",'RawData'!G121) -> 1900 | H111: =IF(ISNUMBER(SEARCH("World",'RawData'!C121)),"",SUMIFS('RawData'!G:G,'RawData'!B:B,'RawData'!B121,'RawData'!C:C,"*World*")) -> 51000 | I111: =IF(ISNUMBER(SEARCH("World",'RawData'!C121)),"",IFERROR(G111/H111,"-")) -> 0.037254902 | J111: =IF(ISNUMBER(SEARCH("World",'RawData'!C121)),"",IF(ISNUMBER(SEARCH("Other",C111)),COUNTIFS('RawData'!B:B,B111,'RawData'!C:C,"<>*World*"),IF(OR(G111="",G111=0),"-",SUMPRODUCT(('RawData'!B$2:B$822=B111)*('RawData'!G$2:G$822>G111)*(ISERROR(SEARCH("World",'RawData'!C$2:C$822)))*(ISERROR(SEARCH("Other",'RawData'!C$2:C$822))))+1))) -> 7 | K111: =IF(ISNUMBER(SEARCH("World",'RawData'!C121)),"",'RawData'!H121) -> 16000 | L111: =IF(ISNUMBER(SEARCH("World",'RawData'!C121)),"",SUMIFS('RawData'!H:H,'RawData'!B:B,'RawData'!B121,'RawData'!C:C,"*World*")) -> 540000 | M111: =IF(ISNUMBER(SEARCH("World",'RawData'!C121)),"",IFERROR(K111/L111,"-")) -> 0.02962963 | N111: =IF(ISNUMBER(SEARCH("World",'RawData'!C121)),"",IF(ISNUMBER(SEARCH("Other",C111)),COUNTIFS('RawData'!B:B,B111,'RawData'!C:C,"<>*World*"),IF(OR(K111="",K111=0),"-",SUMPRODUCT(('RawData'!B$2:B$822=B111)*('RawData'!H$2:H$822>K111)*(ISERROR(SEARCH("World",'RawData'!C$2:C$822)))*(ISERROR(SEARCH("Other",'RawData'!C$2:C$822))))+1))) -> 5
A112: =IF(ISNUMBER(SEARCH("World",'RawData'!C122)),"",'RawData'!A122) -> MCS2026 | B112: =IF(ISNUMBER(SEARCH("World",'RawData'!C122)),"",'RawData'!B122) -> Chromium | C112: =IF(ISNUMBER(SEARCH("World",'RawData'!C122)),"",'RawData'!C122) -> India | D112: =IF(ISNUMBER(SEARCH("World",'RawData'!C122)),"",'RawData'!D122) -> Mine production, grosss weight, marketable chromite ore | E112: =IF(ISNUMBER(SEARCH("World",'RawData'!C122)),"",IF('RawData'!E122="WT001","kg",IF('RawData'!E122="WT002","ton",IF('RawData'!E122="WT003","k ton","")))) -> k ton | F112: =IF(ISNUMBER(SEARCH("World",'RawData'!C122)),"",'RawData'!F122) -> 3370 | G112: =IF(ISNUMBER(SEARCH("World",'RawData'!C122)),"",'RawData'!G122) -> 3000 | H112: =IF(ISNUMBER(SEARCH("World",'RawData'!C122)),"",SUMIFS('RawData'!G:G,'RawData'!B:B,'RawData'!B122,'RawData'!C:C,"*World*")) -> 51000 | I112: =IF(ISNUMBER(SEARCH("World",'RawData'!C122)),"",IFERROR(G112/H112,"-")) -> 0.058823529 | J112: =IF(ISNUMBER(SEARCH("World",'RawData'!C122)),"",IF(ISNUMBER(SEARCH("Other",C112)),COUNTIFS('RawData'!B:B,B112,'RawData'!C:C,"<>*World*"),IF(OR(G112="",G112=0),"-",SUMPRODUCT(('RawData'!B$2:B$822=B112)*('RawData'!G$2:G$822>G112)*(ISERROR(SEARCH("World",'RawData'!C$2:C$822)))*(ISERROR(SEARCH("Other",'RawData'!C$2:C$822))))+1))) -> 4 | K112: =IF(ISNUMBER(SEARCH("World",'RawData'!C122)),"",'RawData'!H122) -> 27000 | L112: =IF(ISNUMBER(SEARCH("World",'RawData'!C122)),"",SUMIFS('RawData'!H:H,'RawData'!B:B,'RawData'!B122,'RawData'!C:C,"*World*")) -> 540000 | M112: =IF(ISNUMBER(SEARCH("World",'RawData'!C122)),"",IFERROR(K112/L112,"-")) -> 0.05 | N112: =IF(ISNUMBER(SEARCH("World",'RawData'!C122)),"",IF(ISNUMBER(SEARCH("Other",C112)),COUNTIFS('RawData'!B:B,B112,'RawData'!C:C,"<>*World*"),IF(OR(K112="",K112=0),"-",SUMPRODUCT(('RawData'!B$2:B$822=B112)*('RawData'!H$2:H$822>K112)*(ISERROR(SEARCH("World",'RawData'!C$2:C$822)))*(ISERROR(SEARCH("Other",'RawData'!C$2:C$822))))+1))) -> 4
A113: =IF(ISNUMBER(SEARCH("World",'RawData'!C123)),"",'RawData'!A123) -> MCS2026 | B113: =IF(ISNUMBER(SEARCH("World",'RawData'!C123)),"",'RawData'!B123) -> Chromium | C113: =IF(ISNUMBER(SEARCH("World",'RawData'!C123)),"",'RawData'!C123) -> Kazakhstan | D113: =IF(ISNUMBER(SEARCH("World",'RawData'!C123)),"",'RawData'!D123) -> Mine production, grosss weight, marketable chromite ore | E113: =IF(ISNUMBER(SEARCH("World",'RawData'!C123)),"",IF('RawData'!E123="WT001","kg",IF('RawData'!E123="WT002","ton",IF('RawData'!E123="WT003","k ton","")))) -> k ton | F113: =IF(ISNUMBER(SEARCH("World",'RawData'!C123)),"",'RawData'!F123) -> 6100 | G113: =IF(ISNUMBER(SEARCH("World",'RawData'!C123)),"",'RawData'!G123) -> 7000 | H113: =IF(ISNUMBER(SEARCH("World",'RawData'!C123)),"",SUMIFS('RawData'!G:G,'RawData'!B:B,'RawData'!B123,'RawData'!C:C,"*World*")) -> 51000 | I113: =IF(ISNUMBER(SEARCH("World",'RawData'!C123)),"",IFERROR(G113/H113,"-")) -> 0.1372549 | J113: =IF(ISNUMBER(SEARCH("World",'RawData'!C123)),"",IF(ISNUMBER(SEARCH("Other",C113)),COUNTIFS('RawData'!B:B,B113,'RawData'!C:C,"<>*World*"),IF(OR(G113="",G113=0),"-",SUMPRODUCT(('RawData'!B$2:B$822=B113)*('RawData'!G$2:G$822>G113)*(ISERROR(SEARCH("World",'RawData'!C$2:C$822)))*(ISERROR(SEARCH("Other",'RawData'!C$2:C$822))))+1))) -> 3 | K113: =IF(ISNUMBER(SEARCH("World",'RawData'!C123)),"",'RawData'!H123) -> 100000 | L113: =IF(ISNUMBER(SEARCH("World",'RawData'!C123)),"",SUMIFS('RawData'!H:H,'RawData'!B:B,'RawData'!B123,'RawData'!C:C,"*World*")) -> 540000 | M113: =IF(ISNUMBER(SEARCH("World",'RawData'!C123)),"",IFERROR(K113/L113,"-")) -> 0.18518519 | N113: =IF(ISNUMBER(SEARCH("World",'RawData'!C123)),"",IF(ISNUMBER(SEARCH("Other",C113)),COUNTIFS('RawData'!B:B,B113,'RawData'!C:C,"<>*World*"),IF(OR(K113="",K113=0),"-",SUMPRODUCT(('RawData'!B$2:B$822=B113)*('RawData'!H$2:H$822>K113)*(ISERROR(SEARCH("World",'RawData'!C$2:C$822)))*(ISERROR(SEARCH("Other",'RawData'!C$2:C$822))))+1))) -> 2
A114: =IF(ISNUMBER(SEARCH("World",'RawData'!C124)),"",'RawData'!A124) -> MCS2026 | B114: =IF(ISNUMBER(SEARCH("World",'RawData'!C124)),"",'RawData'!B124) -> Chromium | C114: =IF(ISNUMBER(SEARCH("World",'RawData'!C124)),"",'RawData'!C124) -> Other Countries | D114: =IF(ISNUMBER(SEARCH("World",'RawData'!C124)),"",'RawData'!D124) -> Mine production, grosss weight, marketable chromite ore | E114: =IF(ISNUMBER(SEARCH("World",'RawData'!C124)),"",IF('RawData'!E124="WT001","kg",IF('RawData'!E124="WT002","ton",IF('RawData'!E124="WT003","k ton","")))) -> k ton | F114: =IF(ISNUMBER(SEARCH("World",'RawData'!C124)),"",'RawData'!F124) -> 3000 | G114: =IF(ISNUMBER(SEARCH("World",'RawData'!C124)),"",'RawData'!G124) -> 3000 | H114: =IF(ISNUMBER(SEARCH("World",'RawData'!C124)),"",SUMIFS('RawData'!G:G,'RawData'!B:B,'RawData'!B124,'RawData'!C:C,"*World*")) -> 51000 | I114: =IF(ISNUMBER(SEARCH("World",'RawData'!C124)),"",IFERROR(G114/H114,"-")) -> 0.058823529 | J114: =IF(ISNUMBER(SEARCH("World",'RawData'!C124)),"",IF(ISNUMBER(SEARCH("Other",C114)),COUNTIFS('RawData'!B:B,B114,'RawData'!C:C,"<>*World*"),IF(OR(G114="",G114=0),"-",SUMPRODUCT(('RawData'!B$2:B$822=B114)*('RawData'!G$2:G$822>G114)*(ISERROR(SEARCH("World",'RawData'!C$2:C$822)))*(ISERROR(SEARCH("Other",'RawData'!C$2:C$822))))+1))) -> 9 | K114: =IF(ISNUMBER(SEARCH("World",'RawData'!C124)),"",'RawData'!H124) -> 0 | L114: =IF(ISNUMBER(SEARCH("World",'RawData'!C124)),"",SUMIFS('RawData'!H:H,'RawData'!B:B,'RawData'!B124,'RawData'!C:C,"*World*")) -> 540000 | M114: =IF(ISNUMBER(SEARCH("World",'RawData'!C124)),"",IFERROR(K114/L114,"-")) -> 0 | N114: =IF(ISNUMBER(SEARCH("World",'RawData'!C124)),"",IF(ISNUMBER(SEARCH("Other",C114)),COUNTIFS('RawData'!B:B,B114,'RawData'!C:C,"<>*World*"),IF(OR(K114="",K114=0),"-",SUMPRODUCT(('RawData'!B$2:B$822=B114)*('RawData'!H$2:H$822>K114)*(ISERROR(SEARCH("World",'RawData'!C$2:C$822)))*(ISERROR(SEARCH("Other",'RawData'!C$2:C$822))))+1))) -> 9
...

Sheet RawData
A1: SOURCE | B1: COMMODITY | C1: COUNTRY | D1: TYPE | E1: UNIT_MEAS | F1: PROD_2024 | G1: PROD_EST_ 2025 | H1: RESERVES_2025
A2: MCS2026 | B2: Antimony | C2: Australia | D2: Mine production, antimony content | E2: WT002 | F2: 1270 | G2: 1300 | H2: 110000
A3: MCS2026 | B3: Antimony | C3: Bolivia | D3: Mine production, antimony content | E3: WT002 | F3: 5300 | G3: 5000 | H3: 310000
A4: MCS2026 | B4: Antimony | C4: Canada | D4: Mine production, antimony content | E4: WT002 | H4: 78000
A5: MCS2026 | B5: Antimony | C5: China | D5: Mine production, antimony content | E5: WT002 | F5: 40000 | G5: 40000 | H5: 830000
A6: MCS2026 | B6: Antimony | C6: Guatemala | D6: Mine production, antimony content | E6: WT002 | F6: 50 | G6: 50
A7: MCS2026 | B7: Antimony | C7: Iran | D7: Mine production, antimony content | E7: WT002 | F7: 90 | G7: 90
A8: MCS2026 | B8: Antimony | C8: Kazakhstan | D8: Mine production, antimony content | E8: WT002 | F8: 800 | G8: 800
A9: MCS2026 | B9: Antimony | C9: Kyrgyzstan | D9: Mine production, antimony content | E9: WT002 | F9: 700 | G9: 700 | H9: 260000
A10: MCS2026 | B10: Antimony | C10: Laos | D10: Mine production, antimony content | E10: WT002 | F10: 200 | G10: 200
A11: MCS2026 | B11: Antimony | C11: Mexico | D11: Mine production, antimony content | E11: WT002 | F11: 600 | G11: 600 | H11: 18000
A12: MCS2026 | B12: Antimony | C12: Myanmar | D12: Mine production, antimony content | E12: WT002 | F12: 4500 | G12: 4500 | H12: 140000
A13: MCS2026 | B13: Antimony | C13: Pakistan | D13: Mine production, antimony content | E13: WT002 | F13: 260 | G13: 260 | H13: 26000
A14: MCS2026 | B14: Antimony | C14: Turkiye | D14: Mine production, antimony content | E14: WT002 | F14: 3000 | G14: 3000 | H14: 99000
A15: MCS2026 | B15: Antimony | C15: Russia | D15: Mine production, antimony content | E15: WT002 | F15: 40000 | G15: 32000 | H15: 350000
A16: MCS2026 | B16: Antimony | C16: Tajikistan | D16: Mine production, antimony content | E16: WT002 | F16: 22000 | G16: 22000 | H16: 60000
A17: MCS2026 | B17: Antimony | C17: United States | D17: Mine production, antimony content | E17: WT002 | H17: 60000
A18: MCS2026 | B18: Antimony | C18: Vietnam | D18: Mine production, antimony content | E18: WT002 | F18: 220 | G18: 220 | H18: 54000
A19: MCS2026 | B19: Antimony | C19: World total (rounded) | D19: Mine production, antimony content | E19: WT002 | F19: 119000 | G19: 110000 | H19: 2000000
A20: MCS2026 | B20: Arsenic | C20: Belgium | D20: Plant production, arsenic trioxide or calculated equivalent. | E20: WT002 | F20: 1000 | G20: 1000
A21: MCS2026 | B21: Arsenic | C21: China | D21: Plant production, arsenic trioxide or calculated equivalent. | E21: WT002 | F21: 24000 | G21: 24000
A22: MCS2026 | B22: Arsenic | C22: Japan | D22: Plant production, arsenic trioxide or calculated equivalent. | E22: WT002 | F22: 40 | G22: 0
A23: MCS2026 | B23: Arsenic | C23: Morocco | D23: Plant production, arsenic trioxide or calculated equivalent. | E23: WT002 | F23: 6000 | G23: 5000
A24: MCS2026 | B24: Arsenic | C24: Peru | D24: Plant production, arsenic trioxide or calculated equivalent. | E24: WT002 | F24: 31000 | G24: 30000
A25: MCS2026 | B25: Arsenic | C25: Russia | D25: Plant production, arsenic trioxide or calculated equivalent. | E25: WT002 | F25: 500 | G25: 500
A26: MCS2026 | B26: Arsenic | C26: United States | D26: Plant production, arsenic trioxide or calculated equivalent. | E26: WT002
A27: MCS2026 | B27: Arsenic | C27: World total (rounded) | D27: Plant production, arsenic trioxide or calculated equivalent. | E27: WT002 | F27: 62500 | G27: 61000
A28: MCS2026 | B28: Asbestos | C28: Brazil | D28: Mine production, asbestos | E28: WT002 | F28: 116890 | G28: 150000 | H28: 11000000
A29: MCS2026 | B29: Asbestos | C29: China | D29: Mine production, asbestos | E29: WT002 | F29: 250000 | G29: 250000 | H29: 7100000
A30: MCS2026 | B30: Asbestos | C30: Kazakhstan | D30: Mine production, asbestos | E30: WT002 | F30: 225700 | G30: 250000 | H30: 20000000
A31: MCS2026 | B31: Asbestos | C31: Russia | D31: Mine production, asbestos | E31: WT002 | F31: 306900 | G31: 310000 | H31: 110000000
A32: MCS2026 | B32: Asbestos | C32: United States | D32: Mine production, asbestos | E32: WT002
A33: MCS2026 | B33: Asbestos | C33: World total (rounded) | D33: Mine production, asbestos | E33: WT002 | F33: 949000 | G33: 960000 | H33: 150000000
A34: MCS2026 | B34: Barite | C34: China | D34: Mine production, barite, estimated | E34: WT003 | F34: 2100 | G34: 2200 | H34: 120000
A35: MCS2026 | B35: Barite | C35: India | D35: Mine production, barite, estimated | E35: WT003 | F35: 2600 | G35: 3000 | H35: 51000
A36: MCS2026 | B36: Barite | C36: Iran | D36: Mine production, barite, estimated | E36: WT003 | F36: 300 | G36: 300 | H36: 100000
A37: MCS2026 | B37: Barite | C37: Kazakhstan | D37: Mine production, barite, estimated | E37: WT003 | F37: 650 | G37: 700 | H37: 85000
A38: MCS2026 | B38: Barite | C38: Laos | D38: Mine production, barite, estimated | E38: WT003 | F38: 250 | G38: 260
A39: MCS2026 | B39: Barite | C39: Mexico | D39: Mine production, barite, estimated | E39: WT003 | F39: 244 | G39: 300
A40: MCS2026 | B40: Barite | C40: Morocco | D40: Mine production, barite, estimated | E40: WT003 | F40: 930 | G40: 1000
A41: MCS2026 | B41: Barite | C41: Other Countries | D41: Mine production, barite, estimated | E41: WT003 | F41: 340 | G41: 350
A42: MCS2026 | B42: Barite | C42: Pakistan | D42: Mine production, barite, estimated | E42: WT003 | F42: 94 | G42: 100
A43: MCS2026 | B43: Barite | C43: Turkiye | D43: Mine production, barite, estimated | E43: WT003 | F43: 261 | G43: 260 | H43: 34000
A44: MCS2026 | B44: Barite | C44: Russia | D44: Mine production, barite, estimated | E44: WT003 | F44: 200 | G44: 230 | H44: 12000
A45: MCS2026 | B45: Barite | C45: United States | D45: Mine production, barite, estimated | E45: WT003
A46: MCS2026 | B46: Barite | C46: World total (rounded) | D46: Mine production, barite, estimated | E46: WT003 | F46: 8000 | G46: 8700
A47: MCS2026 | B47: Bauxite | C47: Australia | D47: Mine production, bauxite, dry tons | E47: WT003 | F47: 100000 | G47: 97000 | H47: 3700000
A48: MCS2026 | B48: Bauxite | C48: Brazil | D48: Mine production, bauxite, dry tons | E48: WT003 | F48: 33000 | G48: 33000 | H48: 1700000
A49: MCS2026 | B49: Bauxite | C49: Canada | D49: Mine production, bauxite, dry tons | E49: WT003
A50: MCS2026 | B50: Bauxite | C50: China | D50: Mine production, bauxite, dry tons | E50: WT003 | F50: 80500 | G50: 87000 | H50: 710000
A51: MCS2026 | B51: Bauxite | C51: Germany | D51: Mine production, bauxite, dry tons | E51: WT003
A52: MCS2026 | B52: Bauxite | C52: Greece | D52: Mine production, bauxite, dry tons | E52: WT003 | F52: 970 | G52: 960
A53: MCS2026 | B53: Bauxite | C53: Guinea | D53: Mine production, bauxite, dry tons | E53: WT003 | F53: 142000 | G53: 150000 | H53: 7400000
A54: MCS2026 | B54: Bauxite | C54: India | D54: Mine production, bauxite, dry tons | E54: WT003 | F54: 25000 | G54: 25000 | H54: 650000
A55: MCS2026 | B55: Bauxite | C55: Indonesia | D55: Mine production, bauxite, dry tons | E55: WT003 | F55: 9900 | G55: 10000 | H55: 2900000
A56: MCS2026 | B56: Bauxite | C56: Ireland | D56: Mine production, bauxite, dry tons | E56: WT003
A57: MCS2026 | B57: Bauxite | C57: Jamaica | D57: Mine production, bauxite, dry tons | E57: WT003 | F57: 5890 | G57: 6200 | H57: 2000000
A58: MCS2026 | B58: Bauxite | C58: Kazakhstan | D58: Mine production, bauxite, dry tons | E58: WT003 | F58: 4780 | G58: 4800 | H58: 160000
A59: MCS2026 | B59: Bauxite | C59: Other Countries | D59: Mine production, bauxite, dry tons | E59: WT003 | F59: 7780 | G59: 8000 | H59: 5300000
A60: MCS2026 | B60: Bauxite | C60: Turkiye | D60: Mine production, bauxite, dry tons | E60: WT003 | F60: 3660 | G60: 3800 | H60: 69000
A61: MCS2026 | B61: Bauxite | C61: Russia | D61: Mine production, bauxite, dry tons | E61: WT003 | F61: 5470 | G61: 5700 | H61: 650000
A62: MCS2026 | B62: Bauxite | C62: Saudi Arabia | D62: Mine production, bauxite, dry tons | E62: WT003 | F62: 5500 | G62: 5700 | H62: 180000
A63: MCS2026 | B63: Bauxite | C63: Spain | D63: Mine production, bauxite, dry tons | E63: WT003
A64: MCS2026 | B64: Bauxite | C64: UAE | D64: Mine production, bauxite, dry tons | E64: WT003
A65: MCS2026 | B65: Bauxite | C65: United States | D65: Mine production, bauxite, dry tons | E65: WT003 | H65: 20000
A66: MCS2026 | B66: Bauxite | C66: Vietnam | D66: Mine production, bauxite, dry tons | E66: WT003 | F66: 3710 | G66: 3800 | H66: 3100000
A67: MCS2026 | B67: Bauxite | C67: World total (rounded) | D67: Mine production, bauxite, dry tons | E67: WT003 | F67: 428000 | G67: 440000 | H67: 29000000
A68: MCS2026 | B68: Beryllium | C68: Brazil | D68: Mine production, beryllium content | E68: WT002 | F68: 80 | G68: 80
A69: MCS2026 | B69: Beryllium | C69: China | D69: Mine production, beryllium content | E69: WT002 | F69: 78 | G69: 77
A70: MCS2026 | B70: Beryllium | C70: Madagascar | D70: Mine production, beryllium content | E70: WT002 | F70: 1 | G70: 1
A71: MCS2026 | B71: Beryllium | C71: Mozambique | D71: Mine production, beryllium content | E71: WT002 | F71: 3 | G71: 3
A72: MCS2026 | B72: Beryllium | C72: Nigeria | D72: Mine production, beryllium content | E72: WT002 | F72: 40 | G72: 40
A73: MCS2026 | B73: Beryllium | C73: Rwanda | D73: Mine production, beryllium content | E73: WT002 | F73: 1 | G73: 1
A74: MCS2026 | B74: Beryllium | C74: United States | D74: Mine production, beryllium content | E74: WT002 | F74: 230 | G74: 230
A75: MCS2026 | B75: Beryllium | C75: World total (rounded) | D75: Mine production, beryllium content | E75: WT002 | F75: 433 | G75: 430
A76: MCS2026 | B76: Bismuth | C76: Bolivia | D76: Refinery production | E76: WT002 | F76: 50 | G76: 50
A77: MCS2026 | B77: Bismuth | C77: Bulgaria | D77: Refinery production | E77: WT002 | F77: 48 | G77: 50
A78: MCS2026 | B78: Bismuth | C78: China | D78: Refinery production | E78: WT002 | F78: 14000 | G78: 14000
A79: MCS2026 | B79: Bismuth | C79: Japan | D79: Refinery production | E79: WT002 | F79: 500 | G79: 500
... A82: MCS2026 | B82: Bismuth | C82: South Korea | D82: Refinery production | E82: WT002 | F82: 1000 | G82: 1000
A83: MCS2026 | B83: Bismuth | C83: United States | D83: Refinery production | E83: WT002
A84: MCS2026 | B84: Bismuth | C84: World total (rounded) | D84: Refinery production | E84: WT002 | F84: 16300 | G84: 16000
A85: MCS2026 | B85: Boron | C85: Argentina | D85: Boron all types | E85: WT003 | F85: 160 | G85: 170
A86: MCS2026 | B86: Boron | C86: Bolivia | D86: Boron all types | E86: WT003 | F86: 230 | G86: 380
A87: MCS2026 | B87: Boron | C87: Chile | D87: Boron all types | E87: WT003 | F87: 470 | G87: 300 | H87: 35000
A88: MCS2026 | B88: Boron | C88: China | D88: Boron all types | E88: WT003 | F88: 210 | G88: 230 | H88: 9100
A89: MCS2026 | B89: Boron | C89: Germany | D89: Boron all types | E89: WT003 | F89: 45 | G89: 40
A90: MCS2026 | B90: Boron | C90: Peru | D90: Boron all types | E90: WT003 | F90: 190 | G90: 220 | H90: 4000
A91: MCS2026 | B91: Boron | C91: Turkiye | D91: Boron all types | E91: WT003 | F91: 1800 | G91: 1500 | H91: 950000
